--------------------------------------------------------
--  파일이 생성됨 - 월요일-1월-06-2020   
--------------------------------------------------------
DROP SEQUENCE "PMS_DBA"."ALARM_NUM";
DROP SEQUENCE "PMS_DBA"."AUTH_SEQ";
DROP SEQUENCE "PMS_DBA"."BOARD_SEQ";
DROP SEQUENCE "PMS_DBA"."CARDLIST_SEQ";
DROP SEQUENCE "PMS_DBA"."CARD_SEQ";
DROP SEQUENCE "PMS_DBA"."CHECKLIST_SEQ";
DROP SEQUENCE "PMS_DBA"."LABEL_SEQ";
DROP SEQUENCE "PMS_DBA"."REPLY_SEQ";
DROP SEQUENCE "PMS_DBA"."USERS_AUTH_SEQ";
DROP SEQUENCE "PMS_DBA"."USERS_SEQ";
DROP SEQUENCE "PMS_DBA"."USER_BOARD_SEQ";
DROP TABLE "PMS_DBA"."ALARM" cascade constraints;
DROP TABLE "PMS_DBA"."BOARD" cascade constraints;
DROP TABLE "PMS_DBA"."CARD" cascade constraints;
DROP TABLE "PMS_DBA"."CARDLIST" cascade constraints;
DROP TABLE "PMS_DBA"."CHECKLIST" cascade constraints;
DROP TABLE "PMS_DBA"."FILES" cascade constraints;
DROP TABLE "PMS_DBA"."LABEL" cascade constraints;
DROP TABLE "PMS_DBA"."LABEL_COLOR" cascade constraints;
DROP TABLE "PMS_DBA"."REPLY" cascade constraints;
DROP TABLE "PMS_DBA"."TAGMEMBER" cascade constraints;
DROP TABLE "PMS_DBA"."USERAUTH" cascade constraints;
DROP TABLE "PMS_DBA"."USERS" cascade constraints;
DROP TABLE "PMS_DBA"."USER_BOARD" cascade constraints;
--------------------------------------------------------
--  DDL for Sequence ALARM_NUM
--------------------------------------------------------

   CREATE SEQUENCE  "PMS_DBA"."ALARM_NUM"  MINVALUE 1 MAXVALUE 9999999999999999999999999999 INCREMENT BY 1 START WITH 281 CACHE 20 NOORDER  NOCYCLE ;
--------------------------------------------------------
--  DDL for Sequence AUTH_SEQ
--------------------------------------------------------

   CREATE SEQUENCE  "PMS_DBA"."AUTH_SEQ"  MINVALUE 1 MAXVALUE 9999999999999999999999999999 INCREMENT BY 1 START WITH 81 CACHE 20 NOORDER  NOCYCLE ;
--------------------------------------------------------
--  DDL for Sequence BOARD_SEQ
--------------------------------------------------------

   CREATE SEQUENCE  "PMS_DBA"."BOARD_SEQ"  MINVALUE 1 MAXVALUE 9999999999999999999999999999 INCREMENT BY 1 START WITH 181 CACHE 20 NOORDER  NOCYCLE ;
--------------------------------------------------------
--  DDL for Sequence CARDLIST_SEQ
--------------------------------------------------------

   CREATE SEQUENCE  "PMS_DBA"."CARDLIST_SEQ"  MINVALUE 1 MAXVALUE 9999999999999999999999999999 INCREMENT BY 1 START WITH 201 CACHE 20 NOORDER  NOCYCLE ;
--------------------------------------------------------
--  DDL for Sequence CARD_SEQ
--------------------------------------------------------

   CREATE SEQUENCE  "PMS_DBA"."CARD_SEQ"  MINVALUE 1 MAXVALUE 9999999999999999999999999999 INCREMENT BY 1 START WITH 181 CACHE 20 NOORDER  NOCYCLE ;
--------------------------------------------------------
--  DDL for Sequence CHECKLIST_SEQ
--------------------------------------------------------

   CREATE SEQUENCE  "PMS_DBA"."CHECKLIST_SEQ"  MINVALUE 1 MAXVALUE 9999999999999999999999999999 INCREMENT BY 1 START WITH 141 CACHE 20 NOORDER  NOCYCLE ;
--------------------------------------------------------
--  DDL for Sequence LABEL_SEQ
--------------------------------------------------------

   CREATE SEQUENCE  "PMS_DBA"."LABEL_SEQ"  MINVALUE 1 MAXVALUE 9999999999999999999999999999 INCREMENT BY 1 START WITH 41 CACHE 20 NOORDER  NOCYCLE ;
--------------------------------------------------------
--  DDL for Sequence REPLY_SEQ
--------------------------------------------------------

   CREATE SEQUENCE  "PMS_DBA"."REPLY_SEQ"  MINVALUE 1 MAXVALUE 9999999999999999999999999999 INCREMENT BY 1 START WITH 81 CACHE 20 NOORDER  NOCYCLE ;
--------------------------------------------------------
--  DDL for Sequence USERS_AUTH_SEQ
--------------------------------------------------------

   CREATE SEQUENCE  "PMS_DBA"."USERS_AUTH_SEQ"  MINVALUE 1 MAXVALUE 9999999999999999999999999999 INCREMENT BY 1 START WITH 1 CACHE 20 NOORDER  NOCYCLE ;
--------------------------------------------------------
--  DDL for Sequence USERS_SEQ
--------------------------------------------------------

   CREATE SEQUENCE  "PMS_DBA"."USERS_SEQ"  MINVALUE 1 MAXVALUE 9999999999999999999999999999 INCREMENT BY 1 START WITH 21 CACHE 20 NOORDER  NOCYCLE ;
--------------------------------------------------------
--  DDL for Sequence USER_BOARD_SEQ
--------------------------------------------------------

   CREATE SEQUENCE  "PMS_DBA"."USER_BOARD_SEQ"  MINVALUE 1 MAXVALUE 9999999999999999999999999999 INCREMENT BY 1 START WITH 161 CACHE 20 NOORDER  NOCYCLE ;
--------------------------------------------------------
--  DDL for Table ALARM
--------------------------------------------------------

  CREATE TABLE "PMS_DBA"."ALARM" 
   (	"ALRM_NUM" NUMBER, 
	"ALRM_ID" VARCHAR2(100 BYTE), 
	"ALRM_CONTENT" VARCHAR2(500 BYTE), 
	"ALRM_URL" VARCHAR2(200 BYTE), 
	"ARLM_DATE" VARCHAR2(100 BYTE) DEFAULT sysdate, 
	"USER_NUM" NUMBER, 
	"BOARD_NUM" NUMBER
   ) SEGMENT CREATION IMMEDIATE 
  PCTFREE 10 PCTUSED 40 INITRANS 1 MAXTRANS 255 
 NOCOMPRESS LOGGING
  STORAGE(INITIAL 65536 NEXT 1048576 MINEXTENTS 1 MAXEXTENTS 2147483645
  PCTINCREASE 0 FREELISTS 1 FREELIST GROUPS 1
  BUFFER_POOL DEFAULT FLASH_CACHE DEFAULT CELL_FLASH_CACHE DEFAULT)
  TABLESPACE "USERS" ;
--------------------------------------------------------
--  DDL for Table BOARD
--------------------------------------------------------

  CREATE TABLE "PMS_DBA"."BOARD" 
   (	"BOARD_NUM" NUMBER, 
	"BOARD_NAME" VARCHAR2(100 BYTE), 
	"BOARD_PUBLIC" NUMBER(1,0) DEFAULT 0, 
	"BOARD_DATE" DATE DEFAULT sysdate, 
	"BOARD_ADMIN" NUMBER
   ) SEGMENT CREATION IMMEDIATE 
  PCTFREE 10 PCTUSED 40 INITRANS 1 MAXTRANS 255 
 NOCOMPRESS LOGGING
  STORAGE(INITIAL 65536 NEXT 1048576 MINEXTENTS 1 MAXEXTENTS 2147483645
  PCTINCREASE 0 FREELISTS 1 FREELIST GROUPS 1
  BUFFER_POOL DEFAULT FLASH_CACHE DEFAULT CELL_FLASH_CACHE DEFAULT)
  TABLESPACE "USERS" ;
--------------------------------------------------------
--  DDL for Table CARD
--------------------------------------------------------

  CREATE TABLE "PMS_DBA"."CARD" 
   (	"CARD_NUM" NUMBER, 
	"CARD_NAME" VARCHAR2(200 BYTE), 
	"CARD_START_DATE" DATE, 
	"CARD_DUE_DATE" DATE, 
	"CARD_REG_DATE" DATE DEFAULT sysdate, 
	"CARD_CONTENT" VARCHAR2(400 BYTE), 
	"CARD_CLEAR" NUMBER(1,0) DEFAULT 0, 
	"CARD_ORDER" NUMBER, 
	"CARD_CALENDAR" NUMBER(1,0) DEFAULT 0, 
	"USER_NUM" NUMBER, 
	"FILE_NUM" NUMBER, 
	"CARDLIST_NUM" NUMBER, 
	"BOARD_NUM" NUMBER
   ) SEGMENT CREATION IMMEDIATE 
  PCTFREE 10 PCTUSED 40 INITRANS 1 MAXTRANS 255 
 NOCOMPRESS LOGGING
  STORAGE(INITIAL 65536 NEXT 1048576 MINEXTENTS 1 MAXEXTENTS 2147483645
  PCTINCREASE 0 FREELISTS 1 FREELIST GROUPS 1
  BUFFER_POOL DEFAULT FLASH_CACHE DEFAULT CELL_FLASH_CACHE DEFAULT)
  TABLESPACE "USERS" ;
--------------------------------------------------------
--  DDL for Table CARDLIST
--------------------------------------------------------

  CREATE TABLE "PMS_DBA"."CARDLIST" 
   (	"CARDLIST_NUM" NUMBER, 
	"CARDLIST_NAME" VARCHAR2(200 BYTE), 
	"CARDLIST_ORDER" NUMBER, 
	"BOARD_NUM" NUMBER
   ) SEGMENT CREATION IMMEDIATE 
  PCTFREE 10 PCTUSED 40 INITRANS 1 MAXTRANS 255 
 NOCOMPRESS LOGGING
  STORAGE(INITIAL 65536 NEXT 1048576 MINEXTENTS 1 MAXEXTENTS 2147483645
  PCTINCREASE 0 FREELISTS 1 FREELIST GROUPS 1
  BUFFER_POOL DEFAULT FLASH_CACHE DEFAULT CELL_FLASH_CACHE DEFAULT)
  TABLESPACE "USERS" ;
--------------------------------------------------------
--  DDL for Table CHECKLIST
--------------------------------------------------------

  CREATE TABLE "PMS_DBA"."CHECKLIST" 
   (	"CHECKLIST_NUM" NUMBER, 
	"CHECKLIST_CONTENT" VARCHAR2(500 BYTE), 
	"CHECKLIST_CHECK" CHAR(1 BYTE) DEFAULT '0', 
	"CHECKLIST_WRITER" VARCHAR2(200 BYTE), 
	"CHECKLIST_REGDATE" DATE DEFAULT sysdate, 
	"CARD_NUM" NUMBER
   ) SEGMENT CREATION IMMEDIATE 
  PCTFREE 10 PCTUSED 40 INITRANS 1 MAXTRANS 255 
 NOCOMPRESS LOGGING
  STORAGE(INITIAL 65536 NEXT 1048576 MINEXTENTS 1 MAXEXTENTS 2147483645
  PCTINCREASE 0 FREELISTS 1 FREELIST GROUPS 1
  BUFFER_POOL DEFAULT FLASH_CACHE DEFAULT CELL_FLASH_CACHE DEFAULT)
  TABLESPACE "USERS" ;
--------------------------------------------------------
--  DDL for Table FILES
--------------------------------------------------------

  CREATE TABLE "PMS_DBA"."FILES" 
   (	"FILE_REALNAME" VARCHAR2(200 BYTE), 
	"FILE_SERVERNAME" VARCHAR2(300 BYTE), 
	"FILE_DATE" DATE, 
	"FILE_PATH" VARCHAR2(20 BYTE), 
	"IMAGE" NUMBER DEFAULT 0, 
	"CARD_NUM" NUMBER, 
	"FILE_NUM" NUMBER, 
	"BOARD_NUM" NUMBER
   ) SEGMENT CREATION IMMEDIATE 
  PCTFREE 10 PCTUSED 40 INITRANS 1 MAXTRANS 255 
 NOCOMPRESS LOGGING
  STORAGE(INITIAL 65536 NEXT 1048576 MINEXTENTS 1 MAXEXTENTS 2147483645
  PCTINCREASE 0 FREELISTS 1 FREELIST GROUPS 1
  BUFFER_POOL DEFAULT FLASH_CACHE DEFAULT CELL_FLASH_CACHE DEFAULT)
  TABLESPACE "USERS" ;
--------------------------------------------------------
--  DDL for Table LABEL
--------------------------------------------------------

  CREATE TABLE "PMS_DBA"."LABEL" 
   (	"LABEL_NUM" NUMBER, 
	"CARD_NUM" NUMBER, 
	"BOARD_NUM" NUMBER, 
	"LABEL_NAME" VARCHAR2(1000 BYTE), 
	"LABEL_COLOR" VARCHAR2(1000 BYTE)
   ) SEGMENT CREATION IMMEDIATE 
  PCTFREE 10 PCTUSED 40 INITRANS 1 MAXTRANS 255 
 NOCOMPRESS LOGGING
  STORAGE(INITIAL 65536 NEXT 1048576 MINEXTENTS 1 MAXEXTENTS 2147483645
  PCTINCREASE 0 FREELISTS 1 FREELIST GROUPS 1
  BUFFER_POOL DEFAULT FLASH_CACHE DEFAULT CELL_FLASH_CACHE DEFAULT)
  TABLESPACE "USERS" ;
--------------------------------------------------------
--  DDL for Table LABEL_COLOR
--------------------------------------------------------

  CREATE TABLE "PMS_DBA"."LABEL_COLOR" 
   (	"LABEL_COLOR" VARCHAR2(1000 BYTE)
   ) SEGMENT CREATION IMMEDIATE 
  PCTFREE 10 PCTUSED 40 INITRANS 1 MAXTRANS 255 
 NOCOMPRESS LOGGING
  STORAGE(INITIAL 65536 NEXT 1048576 MINEXTENTS 1 MAXEXTENTS 2147483645
  PCTINCREASE 0 FREELISTS 1 FREELIST GROUPS 1
  BUFFER_POOL DEFAULT FLASH_CACHE DEFAULT CELL_FLASH_CACHE DEFAULT)
  TABLESPACE "USERS" ;
--------------------------------------------------------
--  DDL for Table REPLY
--------------------------------------------------------

  CREATE TABLE "PMS_DBA"."REPLY" 
   (	"REPLY_NUM" NUMBER, 
	"REPLY_UNAME" VARCHAR2(200 BYTE), 
	"REPLY_CONTENT" VARCHAR2(400 BYTE), 
	"REPLY_REGDATE" DATE DEFAULT sysdate, 
	"CARD_NUM" NUMBER, 
	"USER_NUM" NUMBER, 
	"REPLY_UPDATE" DATE
   ) SEGMENT CREATION IMMEDIATE 
  PCTFREE 10 PCTUSED 40 INITRANS 1 MAXTRANS 255 
 NOCOMPRESS LOGGING
  STORAGE(INITIAL 65536 NEXT 1048576 MINEXTENTS 1 MAXEXTENTS 2147483645
  PCTINCREASE 0 FREELISTS 1 FREELIST GROUPS 1
  BUFFER_POOL DEFAULT FLASH_CACHE DEFAULT CELL_FLASH_CACHE DEFAULT)
  TABLESPACE "USERS" ;
--------------------------------------------------------
--  DDL for Table TAGMEMBER
--------------------------------------------------------

  CREATE TABLE "PMS_DBA"."TAGMEMBER" 
   (	"TAGMEMBER_NUM" NUMBER, 
	"USER_NUM" NUMBER, 
	"CARD_NUM" NUMBER
   ) SEGMENT CREATION IMMEDIATE 
  PCTFREE 10 PCTUSED 40 INITRANS 1 MAXTRANS 255 
 NOCOMPRESS LOGGING
  STORAGE(INITIAL 65536 NEXT 1048576 MINEXTENTS 1 MAXEXTENTS 2147483645
  PCTINCREASE 0 FREELISTS 1 FREELIST GROUPS 1
  BUFFER_POOL DEFAULT FLASH_CACHE DEFAULT CELL_FLASH_CACHE DEFAULT)
  TABLESPACE "USERS" ;
--------------------------------------------------------
--  DDL for Table USERAUTH
--------------------------------------------------------

  CREATE TABLE "PMS_DBA"."USERAUTH" 
   (	"USERS_AUTH_NUM" NUMBER, 
	"USER_ID" VARCHAR2(100 BYTE), 
	"USER_EMAIL" VARCHAR2(300 BYTE), 
	"AUTH" VARCHAR2(100 BYTE), 
	"AUTH_STATE" NUMBER DEFAULT 1
   ) SEGMENT CREATION IMMEDIATE 
  PCTFREE 10 PCTUSED 40 INITRANS 1 MAXTRANS 255 
 NOCOMPRESS LOGGING
  STORAGE(INITIAL 65536 NEXT 1048576 MINEXTENTS 1 MAXEXTENTS 2147483645
  PCTINCREASE 0 FREELISTS 1 FREELIST GROUPS 1
  BUFFER_POOL DEFAULT FLASH_CACHE DEFAULT CELL_FLASH_CACHE DEFAULT)
  TABLESPACE "USERS" ;
--------------------------------------------------------
--  DDL for Table USERS
--------------------------------------------------------

  CREATE TABLE "PMS_DBA"."USERS" 
   (	"USER_NUM" NUMBER, 
	"USER_ID" VARCHAR2(100 BYTE), 
	"USER_PW" VARCHAR2(200 BYTE), 
	"USER_NAME" VARCHAR2(100 BYTE), 
	"USER_HP" VARCHAR2(200 BYTE), 
	"USER_EMAIL" VARCHAR2(300 BYTE), 
	"USER_MESSAGE_STATUS" VARCHAR2(400 BYTE), 
	"USER_REGDATE" DATE DEFAULT sysdate
   ) SEGMENT CREATION IMMEDIATE 
  PCTFREE 10 PCTUSED 40 INITRANS 1 MAXTRANS 255 
 NOCOMPRESS LOGGING
  STORAGE(INITIAL 65536 NEXT 1048576 MINEXTENTS 1 MAXEXTENTS 2147483645
  PCTINCREASE 0 FREELISTS 1 FREELIST GROUPS 1
  BUFFER_POOL DEFAULT FLASH_CACHE DEFAULT CELL_FLASH_CACHE DEFAULT)
  TABLESPACE "USERS" ;
--------------------------------------------------------
--  DDL for Table USER_BOARD
--------------------------------------------------------

  CREATE TABLE "PMS_DBA"."USER_BOARD" 
   (	"USER_BOARD_NUM" NUMBER, 
	"USER_NUM" NUMBER, 
	"BOARD_NUM" NUMBER, 
	"USER_BOARD_REGDATE" DATE DEFAULT sysdate
   ) SEGMENT CREATION IMMEDIATE 
  PCTFREE 10 PCTUSED 40 INITRANS 1 MAXTRANS 255 
 NOCOMPRESS LOGGING
  STORAGE(INITIAL 65536 NEXT 1048576 MINEXTENTS 1 MAXEXTENTS 2147483645
  PCTINCREASE 0 FREELISTS 1 FREELIST GROUPS 1
  BUFFER_POOL DEFAULT FLASH_CACHE DEFAULT CELL_FLASH_CACHE DEFAULT)
  TABLESPACE "USERS" ;
REM INSERTING into PMS_DBA.ALARM
SET DEFINE OFF;
Insert into PMS_DBA.ALARM (ALRM_NUM,ALRM_ID,ALRM_CONTENT,ALRM_URL,ARLM_DATE,USER_NUM,BOARD_NUM) values (230,'ins','TEST님이 를 수정하였습니다.','ins','2020.01.02 07:10',8,2);
Insert into PMS_DBA.ALARM (ALRM_NUM,ALRM_ID,ALRM_CONTENT,ALRM_URL,ARLM_DATE,USER_NUM,BOARD_NUM) values (28,'ins','HOHYUN님이 멤버간 실시간채팅 구현를 수정하였습니다.','ins','2020.01.02 05:17',2,21);
Insert into PMS_DBA.ALARM (ALRM_NUM,ALRM_ID,ALRM_CONTENT,ALRM_URL,ARLM_DATE,USER_NUM,BOARD_NUM) values (31,'ins','HOHYUN님이 멤버간 실시간채팅 구현55를 수정하였습니다.','ins','2020.01.02 05:18',2,21);
Insert into PMS_DBA.ALARM (ALRM_NUM,ALRM_ID,ALRM_CONTENT,ALRM_URL,ARLM_DATE,USER_NUM,BOARD_NUM) values (33,'ins','HOHYUN님이 개인 설정를 수정하였습니다.','ins','2020.01.02 05:21',2,1);
Insert into PMS_DBA.ALARM (ALRM_NUM,ALRM_ID,ALRM_CONTENT,ALRM_URL,ARLM_DATE,USER_NUM,BOARD_NUM) values (34,'ins','HOHYUN님이 보드 WITH USER를 수정하였습니다.','ins','2020.01.02 05:21',2,1);
Insert into PMS_DBA.ALARM (ALRM_NUM,ALRM_ID,ALRM_CONTENT,ALRM_URL,ARLM_DATE,USER_NUM,BOARD_NUM) values (35,'ins','HOHYUN님이 카드 WITH 댓글를 수정하였습니다.','ins','2020.01.02 05:23',2,1);
Insert into PMS_DBA.ALARM (ALRM_NUM,ALRM_ID,ALRM_CONTENT,ALRM_URL,ARLM_DATE,USER_NUM,BOARD_NUM) values (37,'ins','HOHYUN님이 카드 WITH 댓글를 수정하였습니다.','ins','2020.01.02 05:23',2,1);
Insert into PMS_DBA.ALARM (ALRM_NUM,ALRM_ID,ALRM_CONTENT,ALRM_URL,ARLM_DATE,USER_NUM,BOARD_NUM) values (38,'ins','DAEHOON님이 카드 WITH 댓글를 수정하였습니다.','ins','2020.01.02 05:23',1,1);
Insert into PMS_DBA.ALARM (ALRM_NUM,ALRM_ID,ALRM_CONTENT,ALRM_URL,ARLM_DATE,USER_NUM,BOARD_NUM) values (39,'ins','DAEHOON님이 카드 WITH 댓글를 수정하였습니다.','ins','2020.01.02 05:23',1,1);
Insert into PMS_DBA.ALARM (ALRM_NUM,ALRM_ID,ALRM_CONTENT,ALRM_URL,ARLM_DATE,USER_NUM,BOARD_NUM) values (40,'ins','DAEHOON님이 카드 WITH 댓글를 수정하였습니다.','ins','2020.01.02 05:24',1,1);
Insert into PMS_DBA.ALARM (ALRM_NUM,ALRM_ID,ALRM_CONTENT,ALRM_URL,ARLM_DATE,USER_NUM,BOARD_NUM) values (41,'ins','DAEHOON님이 카드 WITH 댓글를 수정하였습니다.','ins','2020.01.02 05:24',1,1);
Insert into PMS_DBA.ALARM (ALRM_NUM,ALRM_ID,ALRM_CONTENT,ALRM_URL,ARLM_DATE,USER_NUM,BOARD_NUM) values (43,'ins','HOHYUN님이 카드 WITH 댓글를 수정하였습니다.','ins','2020.01.02 05:24',2,1);
Insert into PMS_DBA.ALARM (ALRM_NUM,ALRM_ID,ALRM_CONTENT,ALRM_URL,ARLM_DATE,USER_NUM,BOARD_NUM) values (46,'ins','HOHYUN님이 멤버간 실시간 채팅를 수정하였습니다.','ins','2020.01.02 05:26',2,1);
Insert into PMS_DBA.ALARM (ALRM_NUM,ALRM_ID,ALRM_CONTENT,ALRM_URL,ARLM_DATE,USER_NUM,BOARD_NUM) values (48,'ins','HOHYUN님이 멤버간 실시간 채팅를 수정하였습니다.','ins','2020.01.02 05:26',2,1);
Insert into PMS_DBA.ALARM (ALRM_NUM,ALRM_ID,ALRM_CONTENT,ALRM_URL,ARLM_DATE,USER_NUM,BOARD_NUM) values (49,'ins','HOHYUN님이 멤버간 실시간 채팅를 수정하였습니다.','ins','2020.01.02 05:27',2,1);
Insert into PMS_DBA.ALARM (ALRM_NUM,ALRM_ID,ALRM_CONTENT,ALRM_URL,ARLM_DATE,USER_NUM,BOARD_NUM) values (61,'ins','HOHYUN님이 카드 WITH 댓글를 수정하였습니다.','ins','2020.01.02 05:28',2,1);
Insert into PMS_DBA.ALARM (ALRM_NUM,ALRM_ID,ALRM_CONTENT,ALRM_URL,ARLM_DATE,USER_NUM,BOARD_NUM) values (62,'ins','HOHYUN님이 멤버간 실시간 채팅를 수정하였습니다.','ins','2020.01.02 05:28',2,1);
Insert into PMS_DBA.ALARM (ALRM_NUM,ALRM_ID,ALRM_CONTENT,ALRM_URL,ARLM_DATE,USER_NUM,BOARD_NUM) values (64,'ins','HOHYUN님이 채팅방 View 구현를 수정하였습니다.','ins','2020.01.02 05:29',2,1);
Insert into PMS_DBA.ALARM (ALRM_NUM,ALRM_ID,ALRM_CONTENT,ALRM_URL,ARLM_DATE,USER_NUM,BOARD_NUM) values (70,'ins','DAEHOON님이 카드 WITH 댓글를 수정하였습니다.','ins','2020.01.02 05:30',1,1);
Insert into PMS_DBA.ALARM (ALRM_NUM,ALRM_ID,ALRM_CONTENT,ALRM_URL,ARLM_DATE,USER_NUM,BOARD_NUM) values (68,'ins','DAEHOON님이 카드 CURD를 수정하였습니다.','ins','2020.01.02 05:30',1,1);
Insert into PMS_DBA.ALARM (ALRM_NUM,ALRM_ID,ALRM_CONTENT,ALRM_URL,ARLM_DATE,USER_NUM,BOARD_NUM) values (69,'ins','HOHYUN님이 파일첨부 기능 구현를 수정하였습니다.','ins','2020.01.02 05:30',2,1);
Insert into PMS_DBA.ALARM (ALRM_NUM,ALRM_ID,ALRM_CONTENT,ALRM_URL,ARLM_DATE,USER_NUM,BOARD_NUM) values (71,'ins','DAEHOON님이 카드 WITH 댓글를 수정하였습니다.','ins','2020.01.02 05:30',1,1);
Insert into PMS_DBA.ALARM (ALRM_NUM,ALRM_ID,ALRM_CONTENT,ALRM_URL,ARLM_DATE,USER_NUM,BOARD_NUM) values (75,'ins','DAEHOON님이 카드 WITH 댓글를 수정하였습니다.','ins','2020.01.02 05:30',1,1);
Insert into PMS_DBA.ALARM (ALRM_NUM,ALRM_ID,ALRM_CONTENT,ALRM_URL,ARLM_DATE,USER_NUM,BOARD_NUM) values (77,'ins','DAEHOON님이 카드 WITH 댓글를 수정하였습니다.','ins','2020.01.02 05:30',1,1);
Insert into PMS_DBA.ALARM (ALRM_NUM,ALRM_ID,ALRM_CONTENT,ALRM_URL,ARLM_DATE,USER_NUM,BOARD_NUM) values (78,'ins','DAEHOON님이 카드 WITH UI를 수정하였습니다.','ins','2020.01.02 05:30',1,1);
Insert into PMS_DBA.ALARM (ALRM_NUM,ALRM_ID,ALRM_CONTENT,ALRM_URL,ARLM_DATE,USER_NUM,BOARD_NUM) values (81,'ins','HOHYUN님이 파일첨부 기능 구현를 수정하였습니다.','ins','2020.01.02 05:31',2,1);
Insert into PMS_DBA.ALARM (ALRM_NUM,ALRM_ID,ALRM_CONTENT,ALRM_URL,ARLM_DATE,USER_NUM,BOARD_NUM) values (83,'ins','HOHYUN님이 벤치마킹 like Trello view를 수정하였습니다.','ins','2020.01.02 05:32',2,1);
Insert into PMS_DBA.ALARM (ALRM_NUM,ALRM_ID,ALRM_CONTENT,ALRM_URL,ARLM_DATE,USER_NUM,BOARD_NUM) values (101,'ins','HOHYUN님이 스크롤 부분 custom를 생성하였습니다.','ins','2020.01.02 05:34',2,1);
Insert into PMS_DBA.ALARM (ALRM_NUM,ALRM_ID,ALRM_CONTENT,ALRM_URL,ARLM_DATE,USER_NUM,BOARD_NUM) values (102,'ins','HOHYUN님이 스크롤 부분 custom를 수정하였습니다.','ins','2020.01.02 05:34',2,1);
Insert into PMS_DBA.ALARM (ALRM_NUM,ALRM_ID,ALRM_CONTENT,ALRM_URL,ARLM_DATE,USER_NUM,BOARD_NUM) values (105,'ins','HOHYUN님이 파일업로드를 생성하였습니다.','ins','2020.01.02 05:35',2,21);
Insert into PMS_DBA.ALARM (ALRM_NUM,ALRM_ID,ALRM_CONTENT,ALRM_URL,ARLM_DATE,USER_NUM,BOARD_NUM) values (107,'ins','HOHYUN님이 UI 부분 꾸미기를 생성하였습니다.','ins','2020.01.02 05:35',2,21);
Insert into PMS_DBA.ALARM (ALRM_NUM,ALRM_ID,ALRM_CONTENT,ALRM_URL,ARLM_DATE,USER_NUM,BOARD_NUM) values (109,'ins','HOHYUN님이 oracle 과 mongoDB 연동를 생성하였습니다.','ins','2020.01.02 05:37',2,21);
Insert into PMS_DBA.ALARM (ALRM_NUM,ALRM_ID,ALRM_CONTENT,ALRM_URL,ARLM_DATE,USER_NUM,BOARD_NUM) values (125,'ins','DONGJAE님이 board, list style 구현를 생성하였습니다.','ins','2020.01.02 05:57',7,101);
Insert into PMS_DBA.ALARM (ALRM_NUM,ALRM_ID,ALRM_CONTENT,ALRM_URL,ARLM_DATE,USER_NUM,BOARD_NUM) values (126,'ins','DONGJAE님이 board, list style 구현를 수정하였습니다.','ins','2020.01.02 05:59',7,101);
Insert into PMS_DBA.ALARM (ALRM_NUM,ALRM_ID,ALRM_CONTENT,ALRM_URL,ARLM_DATE,USER_NUM,BOARD_NUM) values (144,'ins','HOHYUN님이 자바스크립트 공부를 수정하였습니다.','ins','2020.01.02 06:06',2,101);
Insert into PMS_DBA.ALARM (ALRM_NUM,ALRM_ID,ALRM_CONTENT,ALRM_URL,ARLM_DATE,USER_NUM,BOARD_NUM) values (175,'ins','TEST님이 카드 CURD를 수정하였습니다.','ins','2020.01.02 06:23',8,1);
Insert into PMS_DBA.ALARM (ALRM_NUM,ALRM_ID,ALRM_CONTENT,ALRM_URL,ARLM_DATE,USER_NUM,BOARD_NUM) values (176,'ins','TEST님이 카드 WITH 댓글를 수정하였습니다.','ins','2020.01.02 06:23',8,1);
Insert into PMS_DBA.ALARM (ALRM_NUM,ALRM_ID,ALRM_CONTENT,ALRM_URL,ARLM_DATE,USER_NUM,BOARD_NUM) values (177,'ins','TEST님이 카드 WITH UI를 수정하였습니다.','ins','2020.01.02 06:24',8,1);
Insert into PMS_DBA.ALARM (ALRM_NUM,ALRM_ID,ALRM_CONTENT,ALRM_URL,ARLM_DATE,USER_NUM,BOARD_NUM) values (184,'ins','TEST님이 카드 CURD를 수정하였습니다.','ins','2020.01.02 06:29',8,1);
Insert into PMS_DBA.ALARM (ALRM_NUM,ALRM_ID,ALRM_CONTENT,ALRM_URL,ARLM_DATE,USER_NUM,BOARD_NUM) values (179,'ins','TEST님이 보드 WITH CARD를 수정하였습니다.','ins','2020.01.02 06:24',8,1);
Insert into PMS_DBA.ALARM (ALRM_NUM,ALRM_ID,ALRM_CONTENT,ALRM_URL,ARLM_DATE,USER_NUM,BOARD_NUM) values (178,'ins','TEST님이 보드 WITH USER를 수정하였습니다.','ins','2020.01.02 06:24',8,1);
Insert into PMS_DBA.ALARM (ALRM_NUM,ALRM_ID,ALRM_CONTENT,ALRM_URL,ARLM_DATE,USER_NUM,BOARD_NUM) values (247,'ins','HOHYUN님이 멤버간 실시간채팅 구현를 수정하였습니다.','ins','2020.01.02 07:15',2,21);
Insert into PMS_DBA.ALARM (ALRM_NUM,ALRM_ID,ALRM_CONTENT,ALRM_URL,ARLM_DATE,USER_NUM,BOARD_NUM) values (255,'ins','HOHYUN님이 영상화상채팅를 생성하였습니다.','ins','2020.01.02 07:23',2,21);
Insert into PMS_DBA.ALARM (ALRM_NUM,ALRM_ID,ALRM_CONTENT,ALRM_URL,ARLM_DATE,USER_NUM,BOARD_NUM) values (26,'ins','HOHYUN님이 ㅁㄴㅇ를 생성하였습니다.','ins','2020.01.02 05:16',2,21);
Insert into PMS_DBA.ALARM (ALRM_NUM,ALRM_ID,ALRM_CONTENT,ALRM_URL,ARLM_DATE,USER_NUM,BOARD_NUM) values (27,'ins','HOHYUN님이 ㅁㄴㅇ를 수정하였습니다.','ins','2020.01.02 05:16',2,21);
Insert into PMS_DBA.ALARM (ALRM_NUM,ALRM_ID,ALRM_CONTENT,ALRM_URL,ARLM_DATE,USER_NUM,BOARD_NUM) values (29,'ins','HOHYUN님이 멤버간 실시간채팅 구현를 수정하였습니다.','ins','2020.01.02 05:18',2,21);
Insert into PMS_DBA.ALARM (ALRM_NUM,ALRM_ID,ALRM_CONTENT,ALRM_URL,ARLM_DATE,USER_NUM,BOARD_NUM) values (30,'ins','HOHYUN님이 멤버간 실시간채팅 구현55를 수정하였습니다.','ins','2020.01.02 05:18',2,21);
Insert into PMS_DBA.ALARM (ALRM_NUM,ALRM_ID,ALRM_CONTENT,ALRM_URL,ARLM_DATE,USER_NUM,BOARD_NUM) values (36,'ins','HOHYUN님이 카드 WITH 댓글를 수정하였습니다.','ins','2020.01.02 05:23',2,1);
Insert into PMS_DBA.ALARM (ALRM_NUM,ALRM_ID,ALRM_CONTENT,ALRM_URL,ARLM_DATE,USER_NUM,BOARD_NUM) values (42,'ins','DAEHOON님이 카드 WITH 댓글를 수정하였습니다.','ins','2020.01.02 05:24',1,1);
Insert into PMS_DBA.ALARM (ALRM_NUM,ALRM_ID,ALRM_CONTENT,ALRM_URL,ARLM_DATE,USER_NUM,BOARD_NUM) values (44,'ins','HOHYUN님이 멤버간 실시간 채팅를 생성하였습니다.','ins','2020.01.02 05:24',2,1);
Insert into PMS_DBA.ALARM (ALRM_NUM,ALRM_ID,ALRM_CONTENT,ALRM_URL,ARLM_DATE,USER_NUM,BOARD_NUM) values (45,'ins','HOHYUN님이 채팅방 View 구현를 생성하였습니다.','ins','2020.01.02 05:25',2,1);
Insert into PMS_DBA.ALARM (ALRM_NUM,ALRM_ID,ALRM_CONTENT,ALRM_URL,ARLM_DATE,USER_NUM,BOARD_NUM) values (47,'ins','HOHYUN님이 멤버간 실시간 채팅를 수정하였습니다.','ins','2020.01.02 05:26',2,1);
Insert into PMS_DBA.ALARM (ALRM_NUM,ALRM_ID,ALRM_CONTENT,ALRM_URL,ARLM_DATE,USER_NUM,BOARD_NUM) values (50,'ins','HOHYUN님이 개인 설정를 수정하였습니다.','ins','2020.01.02 05:27',2,1);
Insert into PMS_DBA.ALARM (ALRM_NUM,ALRM_ID,ALRM_CONTENT,ALRM_URL,ARLM_DATE,USER_NUM,BOARD_NUM) values (51,'ins','DAEHOON님이 카드 WITH 댓글를 수정하였습니다.','ins','2020.01.02 05:27',1,1);
Insert into PMS_DBA.ALARM (ALRM_NUM,ALRM_ID,ALRM_CONTENT,ALRM_URL,ARLM_DATE,USER_NUM,BOARD_NUM) values (52,'ins','DAEHOON님이 멤버간 실시간 채팅를 수정하였습니다.','ins','2020.01.02 05:27',1,1);
Insert into PMS_DBA.ALARM (ALRM_NUM,ALRM_ID,ALRM_CONTENT,ALRM_URL,ARLM_DATE,USER_NUM,BOARD_NUM) values (66,'ins','DAEHOON님이 카드 CURD를 수정하였습니다.','ins','2020.01.02 05:30',1,1);
Insert into PMS_DBA.ALARM (ALRM_NUM,ALRM_ID,ALRM_CONTENT,ALRM_URL,ARLM_DATE,USER_NUM,BOARD_NUM) values (67,'ins','DAEHOON님이 카드 WITH UI를 수정하였습니다.','ins','2020.01.02 05:30',1,1);
Insert into PMS_DBA.ALARM (ALRM_NUM,ALRM_ID,ALRM_CONTENT,ALRM_URL,ARLM_DATE,USER_NUM,BOARD_NUM) values (72,'ins','DAEHOON님이 카드 WITH 댓글를 수정하였습니다.','ins','2020.01.02 05:30',1,1);
Insert into PMS_DBA.ALARM (ALRM_NUM,ALRM_ID,ALRM_CONTENT,ALRM_URL,ARLM_DATE,USER_NUM,BOARD_NUM) values (73,'ins','DAEHOON님이 카드 WITH UI를 수정하였습니다.','ins','2020.01.02 05:30',1,1);
Insert into PMS_DBA.ALARM (ALRM_NUM,ALRM_ID,ALRM_CONTENT,ALRM_URL,ARLM_DATE,USER_NUM,BOARD_NUM) values (74,'ins','DAEHOON님이 카드 WITH 댓글를 수정하였습니다.','ins','2020.01.02 05:30',1,1);
Insert into PMS_DBA.ALARM (ALRM_NUM,ALRM_ID,ALRM_CONTENT,ALRM_URL,ARLM_DATE,USER_NUM,BOARD_NUM) values (76,'ins','DAEHOON님이 카드 WITH 댓글를 수정하였습니다.','ins','2020.01.02 05:30',1,1);
Insert into PMS_DBA.ALARM (ALRM_NUM,ALRM_ID,ALRM_CONTENT,ALRM_URL,ARLM_DATE,USER_NUM,BOARD_NUM) values (79,'ins','DAEHOON님이 카드 WITH UI를 수정하였습니다.','ins','2020.01.02 05:30',1,1);
Insert into PMS_DBA.ALARM (ALRM_NUM,ALRM_ID,ALRM_CONTENT,ALRM_URL,ARLM_DATE,USER_NUM,BOARD_NUM) values (80,'ins','DAEHOON님이 카드 CURD를 수정하였습니다.','ins','2020.01.02 05:31',1,1);
Insert into PMS_DBA.ALARM (ALRM_NUM,ALRM_ID,ALRM_CONTENT,ALRM_URL,ARLM_DATE,USER_NUM,BOARD_NUM) values (82,'ins','HOHYUN님이 벤치마킹 like Trello view를 생성하였습니다.','ins','2020.01.02 05:32',2,1);
Insert into PMS_DBA.ALARM (ALRM_NUM,ALRM_ID,ALRM_CONTENT,ALRM_URL,ARLM_DATE,USER_NUM,BOARD_NUM) values (84,'ins','HOHYUN님이 벤치마킹 like Trello view를 수정하였습니다.','ins','2020.01.02 05:34',2,1);
Insert into PMS_DBA.ALARM (ALRM_NUM,ALRM_ID,ALRM_CONTENT,ALRM_URL,ARLM_DATE,USER_NUM,BOARD_NUM) values (103,'ins','HOHYUN님이 스크롤 부분 custom를 수정하였습니다.','ins','2020.01.02 05:34',2,1);
Insert into PMS_DBA.ALARM (ALRM_NUM,ALRM_ID,ALRM_CONTENT,ALRM_URL,ARLM_DATE,USER_NUM,BOARD_NUM) values (104,'ins','HOHYUN님이 개인 설정를 수정하였습니다.','ins','2020.01.02 05:35',2,1);
Insert into PMS_DBA.ALARM (ALRM_NUM,ALRM_ID,ALRM_CONTENT,ALRM_URL,ARLM_DATE,USER_NUM,BOARD_NUM) values (106,'ins','HOHYUN님이 멤버간 실시간채팅 구현를 수정하였습니다.','ins','2020.01.02 05:35',2,21);
Insert into PMS_DBA.ALARM (ALRM_NUM,ALRM_ID,ALRM_CONTENT,ALRM_URL,ARLM_DATE,USER_NUM,BOARD_NUM) values (108,'ins','HOHYUN님이 socket.io 공부부족!를 생성하였습니다.','ins','2020.01.02 05:36',2,21);
Insert into PMS_DBA.ALARM (ALRM_NUM,ALRM_ID,ALRM_CONTENT,ALRM_URL,ARLM_DATE,USER_NUM,BOARD_NUM) values (121,'ins','SOYEON님이 로그아웃를 생성하였습니다.','ins','2020.01.02 05:43',3,1);
Insert into PMS_DBA.ALARM (ALRM_NUM,ALRM_ID,ALRM_CONTENT,ALRM_URL,ARLM_DATE,USER_NUM,BOARD_NUM) values (123,'ins','DAEHOON님이 알람test를 생성하였습니다.','ins','2020.01.02 05:44',1,1);
Insert into PMS_DBA.ALARM (ALRM_NUM,ALRM_ID,ALRM_CONTENT,ALRM_URL,ARLM_DATE,USER_NUM,BOARD_NUM) values (124,'ins','DAEHOON님이 알람test2를 생성하였습니다.','ins','2020.01.02 05:45',1,1);
Insert into PMS_DBA.ALARM (ALRM_NUM,ALRM_ID,ALRM_CONTENT,ALRM_URL,ARLM_DATE,USER_NUM,BOARD_NUM) values (127,'ins','DONGJAE님이 board, list style 구현를 수정하였습니다.','ins','2020.01.02 06:00',7,101);
Insert into PMS_DBA.ALARM (ALRM_NUM,ALRM_ID,ALRM_CONTENT,ALRM_URL,ARLM_DATE,USER_NUM,BOARD_NUM) values (146,'ins','DONGJAE님이 board list 구현를 수정하였습니다.','ins','2020.01.02 06:08',7,101);
Insert into PMS_DBA.ALARM (ALRM_NUM,ALRM_ID,ALRM_CONTENT,ALRM_URL,ARLM_DATE,USER_NUM,BOARD_NUM) values (151,'ins','DONGJAE님이 board list 구현를 수정하였습니다.','ins','2020.01.02 06:14',7,101);
Insert into PMS_DBA.ALARM (ALRM_NUM,ALRM_ID,ALRM_CONTENT,ALRM_URL,ARLM_DATE,USER_NUM,BOARD_NUM) values (153,'ins','DONGJAE님이 CardList를 수정하였습니다.','ins','2020.01.02 06:14',7,101);
Insert into PMS_DBA.ALARM (ALRM_NUM,ALRM_ID,ALRM_CONTENT,ALRM_URL,ARLM_DATE,USER_NUM,BOARD_NUM) values (155,'ins','DONGJAE님이 board list 구현를 수정하였습니다.','ins','2020.01.02 06:14',7,101);
Insert into PMS_DBA.ALARM (ALRM_NUM,ALRM_ID,ALRM_CONTENT,ALRM_URL,ARLM_DATE,USER_NUM,BOARD_NUM) values (156,'ins','DONGJAE님이 board list 구현를 수정하였습니다.','ins','2020.01.02 06:14',7,101);
Insert into PMS_DBA.ALARM (ALRM_NUM,ALRM_ID,ALRM_CONTENT,ALRM_URL,ARLM_DATE,USER_NUM,BOARD_NUM) values (157,'ins','DONGJAE님이 board list 구현를 수정하였습니다.','ins','2020.01.02 06:14',7,101);
Insert into PMS_DBA.ALARM (ALRM_NUM,ALRM_ID,ALRM_CONTENT,ALRM_URL,ARLM_DATE,USER_NUM,BOARD_NUM) values (163,'ins','DONGJAE님이 발표용 ppt 작성하기를 생성하였습니다.','ins','2020.01.02 06:15',7,101);
Insert into PMS_DBA.ALARM (ALRM_NUM,ALRM_ID,ALRM_CONTENT,ALRM_URL,ARLM_DATE,USER_NUM,BOARD_NUM) values (169,'ins','DONGJAE님이 board background img 선정하기를 생성하였습니다.','ins','2020.01.02 06:17',7,101);
Insert into PMS_DBA.ALARM (ALRM_NUM,ALRM_ID,ALRM_CONTENT,ALRM_URL,ARLM_DATE,USER_NUM,BOARD_NUM) values (208,'ins','TEST님이 개인 설정를 수정하였습니다.','ins','2020.01.02 06:55',8,1);
Insert into PMS_DBA.ALARM (ALRM_NUM,ALRM_ID,ALRM_CONTENT,ALRM_URL,ARLM_DATE,USER_NUM,BOARD_NUM) values (234,'ins','TEST님이 ㅇㅇ를 생성하였습니다.','ins','2020.01.02 07:11',8,2);
Insert into PMS_DBA.ALARM (ALRM_NUM,ALRM_ID,ALRM_CONTENT,ALRM_URL,ARLM_DATE,USER_NUM,BOARD_NUM) values (260,'ins','TEST님이 카드 WITH 댓글를 수정하였습니다.','ins','2020.01.02 07:59',8,1);
Insert into PMS_DBA.ALARM (ALRM_NUM,ALRM_ID,ALRM_CONTENT,ALRM_URL,ARLM_DATE,USER_NUM,BOARD_NUM) values (261,'ins','TEST님이 카드 WITH 댓글를 수정하였습니다.','ins','2020.01.02 07:59',8,1);
Insert into PMS_DBA.ALARM (ALRM_NUM,ALRM_ID,ALRM_CONTENT,ALRM_URL,ARLM_DATE,USER_NUM,BOARD_NUM) values (265,'ins','TEST님이 카드 WITH UI를 수정하였습니다.','ins','2020.01.02 08:00',8,1);
Insert into PMS_DBA.ALARM (ALRM_NUM,ALRM_ID,ALRM_CONTENT,ALRM_URL,ARLM_DATE,USER_NUM,BOARD_NUM) values (122,'ins','SOYEON님이 로그인를 생성하였습니다.','ins','2020.01.02 05:43',3,1);
Insert into PMS_DBA.ALARM (ALRM_NUM,ALRM_ID,ALRM_CONTENT,ALRM_URL,ARLM_DATE,USER_NUM,BOARD_NUM) values (248,'ins','HOHYUN님이 oracle 과 mongoDB 연동를 수정하였습니다.','ins','2020.01.02 07:15',2,21);
Insert into PMS_DBA.ALARM (ALRM_NUM,ALRM_ID,ALRM_CONTENT,ALRM_URL,ARLM_DATE,USER_NUM,BOARD_NUM) values (250,'ins','HOHYUN님이 oracle 과 mongoDB 연동를 수정하였습니다.','ins','2020.01.02 07:19',2,21);
Insert into PMS_DBA.ALARM (ALRM_NUM,ALRM_ID,ALRM_CONTENT,ALRM_URL,ARLM_DATE,USER_NUM,BOARD_NUM) values (253,'ins','HOHYUN님이 1:1 댄독 채팅를 생성하였습니다.','ins','2020.01.02 07:22',2,21);
Insert into PMS_DBA.ALARM (ALRM_NUM,ALRM_ID,ALRM_CONTENT,ALRM_URL,ARLM_DATE,USER_NUM,BOARD_NUM) values (254,'ins','HOHYUN님이 일대다 대중 채팅를 생성하였습니다.','ins','2020.01.02 07:22',2,21);
Insert into PMS_DBA.ALARM (ALRM_NUM,ALRM_ID,ALRM_CONTENT,ALRM_URL,ARLM_DATE,USER_NUM,BOARD_NUM) values (256,'ins','HOHYUN님이 채팅!
를 생성하였습니다.','ins','2020.01.02 07:23',2,21);
Insert into PMS_DBA.ALARM (ALRM_NUM,ALRM_ID,ALRM_CONTENT,ALRM_URL,ARLM_DATE,USER_NUM,BOARD_NUM) values (259,'ins','DONGJAE님이 board list 구현를 수정하였습니다.','ins','2020.01.02 07:58',7,101);
Insert into PMS_DBA.ALARM (ALRM_NUM,ALRM_ID,ALRM_CONTENT,ALRM_URL,ARLM_DATE,USER_NUM,BOARD_NUM) values (152,'ins','DONGJAE님이 CardList를 수정하였습니다.','ins','2020.01.02 06:14',7,101);
Insert into PMS_DBA.ALARM (ALRM_NUM,ALRM_ID,ALRM_CONTENT,ALRM_URL,ARLM_DATE,USER_NUM,BOARD_NUM) values (167,'ins','DONGJAE님이 발표용 ppt 작성하기를 수정하였습니다.','ins','2020.01.02 06:16',7,101);
Insert into PMS_DBA.ALARM (ALRM_NUM,ALRM_ID,ALRM_CONTENT,ALRM_URL,ARLM_DATE,USER_NUM,BOARD_NUM) values (206,'ins','TEST님이 카드 CURD를 수정하였습니다.','ins','2020.01.02 06:54',8,1);
Insert into PMS_DBA.ALARM (ALRM_NUM,ALRM_ID,ALRM_CONTENT,ALRM_URL,ARLM_DATE,USER_NUM,BOARD_NUM) values (207,'ins','TEST님이 보드 WITH USER를 수정하였습니다.','ins','2020.01.02 06:54',8,1);
Insert into PMS_DBA.ALARM (ALRM_NUM,ALRM_ID,ALRM_CONTENT,ALRM_URL,ARLM_DATE,USER_NUM,BOARD_NUM) values (257,'ins','DONGJAE님이 board list 구현를 수정하였습니다.','ins','2020.01.02 07:26',7,101);
Insert into PMS_DBA.ALARM (ALRM_NUM,ALRM_ID,ALRM_CONTENT,ALRM_URL,ARLM_DATE,USER_NUM,BOARD_NUM) values (258,'ins','TEST님이 알람 CRUD를 수정하였습니다.','ins','2020.01.02 07:31',8,1);
Insert into PMS_DBA.ALARM (ALRM_NUM,ALRM_ID,ALRM_CONTENT,ALRM_URL,ARLM_DATE,USER_NUM,BOARD_NUM) values (21,'ins','DAEHOON님이 회원가입를 수정하였습니다.','ins','2020.01.02 05:07',1,1);
Insert into PMS_DBA.ALARM (ALRM_NUM,ALRM_ID,ALRM_CONTENT,ALRM_URL,ARLM_DATE,USER_NUM,BOARD_NUM) values (23,'ins','DAEHOON님이 보드 CURD를 수정하였습니다.','ins','2020.01.02 05:10',1,1);
Insert into PMS_DBA.ALARM (ALRM_NUM,ALRM_ID,ALRM_CONTENT,ALRM_URL,ARLM_DATE,USER_NUM,BOARD_NUM) values (25,'ins','DAEHOON님이 회원가입를 수정하였습니다.','ins','2020.01.02 05:10',1,1);
Insert into PMS_DBA.ALARM (ALRM_NUM,ALRM_ID,ALRM_CONTENT,ALRM_URL,ARLM_DATE,USER_NUM,BOARD_NUM) values (141,'ins','BEOMSEOK님이 board, list style 구현를 수정하였습니다.','ins','2020.01.02 06:04',5,101);
Insert into PMS_DBA.ALARM (ALRM_NUM,ALRM_ID,ALRM_CONTENT,ALRM_URL,ARLM_DATE,USER_NUM,BOARD_NUM) values (142,'ins','BEOMSEOK님이 board, list style 구현를 수정하였습니다.','ins','2020.01.02 06:06',5,101);
Insert into PMS_DBA.ALARM (ALRM_NUM,ALRM_ID,ALRM_CONTENT,ALRM_URL,ARLM_DATE,USER_NUM,BOARD_NUM) values (145,'ins','BEOMSEOK님이 CardList를 생성하였습니다.','ins','2020.01.02 06:07',5,101);
Insert into PMS_DBA.ALARM (ALRM_NUM,ALRM_ID,ALRM_CONTENT,ALRM_URL,ARLM_DATE,USER_NUM,BOARD_NUM) values (150,'ins','BEOMSEOK님이 카드 수정를 수정하였습니다.','ins','2020.01.02 06:13',5,101);
Insert into PMS_DBA.ALARM (ALRM_NUM,ALRM_ID,ALRM_CONTENT,ALRM_URL,ARLM_DATE,USER_NUM,BOARD_NUM) values (160,'ins','BEOMSEOK님이 자바스크립트 공부ㅁㄴㄹ를 수정하였습니다.','ins','2020.01.02 06:14',5,101);
Insert into PMS_DBA.ALARM (ALRM_NUM,ALRM_ID,ALRM_CONTENT,ALRM_URL,ARLM_DATE,USER_NUM,BOARD_NUM) values (162,'ins','BEOMSEOK님이 자바스크립트 공부를 수정하였습니다.','ins','2020.01.02 06:14',5,101);
Insert into PMS_DBA.ALARM (ALRM_NUM,ALRM_ID,ALRM_CONTENT,ALRM_URL,ARLM_DATE,USER_NUM,BOARD_NUM) values (170,'ins','BEOMSEOK님이 카드 수정ㅋㅌㅍ를 수정하였습니다.','ins','2020.01.02 06:18',5,101);
Insert into PMS_DBA.ALARM (ALRM_NUM,ALRM_ID,ALRM_CONTENT,ALRM_URL,ARLM_DATE,USER_NUM,BOARD_NUM) values (171,'ins','BEOMSEOK님이 카드 수정ㅋㅌㅍ를 수정하였습니다.','ins','2020.01.02 06:18',5,101);
Insert into PMS_DBA.ALARM (ALRM_NUM,ALRM_ID,ALRM_CONTENT,ALRM_URL,ARLM_DATE,USER_NUM,BOARD_NUM) values (173,'ins','BEOMSEOK님이 asf를 생성하였습니다.','ins','2020.01.02 06:18',5,101);
Insert into PMS_DBA.ALARM (ALRM_NUM,ALRM_ID,ALRM_CONTENT,ALRM_URL,ARLM_DATE,USER_NUM,BOARD_NUM) values (174,'ins','BEOMSEOK님이 카드 수정ㅋㅌㅍ를 수정하였습니다.','ins','2020.01.02 06:21',5,101);
Insert into PMS_DBA.ALARM (ALRM_NUM,ALRM_ID,ALRM_CONTENT,ALRM_URL,ARLM_DATE,USER_NUM,BOARD_NUM) values (180,'ins','BEOMSEOK님이 자바스크립트 공부를 수정하였습니다.','ins','2020.01.02 06:25',5,101);
Insert into PMS_DBA.ALARM (ALRM_NUM,ALRM_ID,ALRM_CONTENT,ALRM_URL,ARLM_DATE,USER_NUM,BOARD_NUM) values (183,'ins','BEOMSEOK님이 cxv를 생성하였습니다.','ins','2020.01.02 06:26',5,101);
Insert into PMS_DBA.ALARM (ALRM_NUM,ALRM_ID,ALRM_CONTENT,ALRM_URL,ARLM_DATE,USER_NUM,BOARD_NUM) values (185,'ins','BEOMSEOK님이 카드 추가를 생성하였습니다.','ins','2020.01.02 06:37',5,101);
Insert into PMS_DBA.ALARM (ALRM_NUM,ALRM_ID,ALRM_CONTENT,ALRM_URL,ARLM_DATE,USER_NUM,BOARD_NUM) values (186,'ins','BEOMSEOK님이 카드수정입니다를 수정하였습니다.','ins','2020.01.02 06:39',5,101);
Insert into PMS_DBA.ALARM (ALRM_NUM,ALRM_ID,ALRM_CONTENT,ALRM_URL,ARLM_DATE,USER_NUM,BOARD_NUM) values (187,'ins','BEOMSEOK님이 자바스크립트 공부를 수정하였습니다.','ins','2020.01.02 06:40',5,101);
Insert into PMS_DBA.ALARM (ALRM_NUM,ALRM_ID,ALRM_CONTENT,ALRM_URL,ARLM_DATE,USER_NUM,BOARD_NUM) values (188,'ins','BEOMSEOK님이 ㅋㅌㅍ를 생성하였습니다.','ins','2020.01.02 06:40',5,101);
Insert into PMS_DBA.ALARM (ALRM_NUM,ALRM_ID,ALRM_CONTENT,ALRM_URL,ARLM_DATE,USER_NUM,BOARD_NUM) values (189,'ins','BEOMSEOK님이 카드수정입니다를 수정하였습니다.','ins','2020.01.02 06:40',5,101);
Insert into PMS_DBA.ALARM (ALRM_NUM,ALRM_ID,ALRM_CONTENT,ALRM_URL,ARLM_DATE,USER_NUM,BOARD_NUM) values (190,'ins','BEOMSEOK님이 ㄴㅀㅇㄶ를 생성하였습니다.','ins','2020.01.02 06:40',5,101);
Insert into PMS_DBA.ALARM (ALRM_NUM,ALRM_ID,ALRM_CONTENT,ALRM_URL,ARLM_DATE,USER_NUM,BOARD_NUM) values (191,'ins','BEOMSEOK님이 ㄴㅀㅇㄶ를 수정하였습니다.','ins','2020.01.02 06:40',5,101);
Insert into PMS_DBA.ALARM (ALRM_NUM,ALRM_ID,ALRM_CONTENT,ALRM_URL,ARLM_DATE,USER_NUM,BOARD_NUM) values (192,'ins','BEOMSEOK님이 카드수정입니다를 수정하였습니다.','ins','2020.01.02 06:41',5,101);
Insert into PMS_DBA.ALARM (ALRM_NUM,ALRM_ID,ALRM_CONTENT,ALRM_URL,ARLM_DATE,USER_NUM,BOARD_NUM) values (193,'ins','BEOMSEOK님이 board list 구현를 수정하였습니다.','ins','2020.01.02 06:42',5,101);
Insert into PMS_DBA.ALARM (ALRM_NUM,ALRM_ID,ALRM_CONTENT,ALRM_URL,ARLM_DATE,USER_NUM,BOARD_NUM) values (194,'ins','BEOMSEOK님이 발표용 ppt 작성하기를 수정하였습니다.','ins','2020.01.02 06:42',5,101);
Insert into PMS_DBA.ALARM (ALRM_NUM,ALRM_ID,ALRM_CONTENT,ALRM_URL,ARLM_DATE,USER_NUM,BOARD_NUM) values (195,'ins','BEOMSEOK님이 board background img 선정하기를 수정하였습니다.','ins','2020.01.02 06:42',5,101);
Insert into PMS_DBA.ALARM (ALRM_NUM,ALRM_ID,ALRM_CONTENT,ALRM_URL,ARLM_DATE,USER_NUM,BOARD_NUM) values (197,'ins','BEOMSEOK님이 카드 수정ㅋㅌㅍ를 수정하였습니다.','ins','2020.01.02 06:49',5,101);
Insert into PMS_DBA.ALARM (ALRM_NUM,ALRM_ID,ALRM_CONTENT,ALRM_URL,ARLM_DATE,USER_NUM,BOARD_NUM) values (198,'ins','BEOMSEOK님이 자바스크립트 공부를 수정하였습니다.','ins','2020.01.02 06:49',5,101);
Insert into PMS_DBA.ALARM (ALRM_NUM,ALRM_ID,ALRM_CONTENT,ALRM_URL,ARLM_DATE,USER_NUM,BOARD_NUM) values (202,'ins','BEOMSEOK님이 pm으로서 자질 를 수정하였습니다.','ins','2020.01.02 06:49',5,101);
Insert into PMS_DBA.ALARM (ALRM_NUM,ALRM_ID,ALRM_CONTENT,ALRM_URL,ARLM_DATE,USER_NUM,BOARD_NUM) values (204,'ins','BEOMSEOK님이 카드 이름 수정 를 수정하였습니다.','ins','2020.01.02 06:53',5,101);
Insert into PMS_DBA.ALARM (ALRM_NUM,ALRM_ID,ALRM_CONTENT,ALRM_URL,ARLM_DATE,USER_NUM,BOARD_NUM) values (211,'ins','DAEHOON님이 카드 CURD를 수정하였습니다.','ins','2020.01.02 06:56',1,1);
Insert into PMS_DBA.ALARM (ALRM_NUM,ALRM_ID,ALRM_CONTENT,ALRM_URL,ARLM_DATE,USER_NUM,BOARD_NUM) values (212,'ins','DAEHOON님이 카드 CURD를 수정하였습니다.','ins','2020.01.02 06:56',1,1);
Insert into PMS_DBA.ALARM (ALRM_NUM,ALRM_ID,ALRM_CONTENT,ALRM_URL,ARLM_DATE,USER_NUM,BOARD_NUM) values (213,'ins','DAEHOON님이 카드 CURD를 수정하였습니다.','ins','2020.01.02 06:56',1,1);
Insert into PMS_DBA.ALARM (ALRM_NUM,ALRM_ID,ALRM_CONTENT,ALRM_URL,ARLM_DATE,USER_NUM,BOARD_NUM) values (214,'ins','BEOMSEOK님이 알람 시도 를 생성하였습니다.','ins','2020.01.02 06:58',5,101);
Insert into PMS_DBA.ALARM (ALRM_NUM,ALRM_ID,ALRM_CONTENT,ALRM_URL,ARLM_DATE,USER_NUM,BOARD_NUM) values (216,'ins','DAEHOON님이 알람 CRUD를 수정하였습니다.','ins','2020.01.02 07:00',1,1);
Insert into PMS_DBA.ALARM (ALRM_NUM,ALRM_ID,ALRM_CONTENT,ALRM_URL,ARLM_DATE,USER_NUM,BOARD_NUM) values (218,'ins','DAEHOON님이 보드 WITH USER를 수정하였습니다.','ins','2020.01.02 07:00',1,1);
Insert into PMS_DBA.ALARM (ALRM_NUM,ALRM_ID,ALRM_CONTENT,ALRM_URL,ARLM_DATE,USER_NUM,BOARD_NUM) values (223,'ins','TEST님이 카드추가
를 수정하였습니다.','ins','2020.01.02 07:08',8,1);
Insert into PMS_DBA.ALARM (ALRM_NUM,ALRM_ID,ALRM_CONTENT,ALRM_URL,ARLM_DATE,USER_NUM,BOARD_NUM) values (224,'ins','TEST님이 알람 CRUD를 수정하였습니다.','ins','2020.01.02 07:09',8,1);
Insert into PMS_DBA.ALARM (ALRM_NUM,ALRM_ID,ALRM_CONTENT,ALRM_URL,ARLM_DATE,USER_NUM,BOARD_NUM) values (225,'ins','TEST님이 카드 추가
를 생성하였습니다.','ins','2020.01.02 07:09',8,1);
Insert into PMS_DBA.ALARM (ALRM_NUM,ALRM_ID,ALRM_CONTENT,ALRM_URL,ARLM_DATE,USER_NUM,BOARD_NUM) values (227,'ins','DAEHOON님이 카드 추가
를 수정하였습니다.','ins','2020.01.02 07:10',1,1);
Insert into PMS_DBA.ALARM (ALRM_NUM,ALRM_ID,ALRM_CONTENT,ALRM_URL,ARLM_DATE,USER_NUM,BOARD_NUM) values (229,'ins','DAEHOON님이 카드리스트 드래그를 생성하였습니다.','ins','2020.01.02 07:10',1,1);
Insert into PMS_DBA.ALARM (ALRM_NUM,ALRM_ID,ALRM_CONTENT,ALRM_URL,ARLM_DATE,USER_NUM,BOARD_NUM) values (231,'ins','DAEHOON님이 카드리스트 드래그를 수정하였습니다.','ins','2020.01.02 07:11',1,1);
Insert into PMS_DBA.ALARM (ALRM_NUM,ALRM_ID,ALRM_CONTENT,ALRM_URL,ARLM_DATE,USER_NUM,BOARD_NUM) values (235,'ins','DAEHOON님이 카드리스트 드래그를 생성하였습니다.','ins','2020.01.02 07:12',1,1);
Insert into PMS_DBA.ALARM (ALRM_NUM,ALRM_ID,ALRM_CONTENT,ALRM_URL,ARLM_DATE,USER_NUM,BOARD_NUM) values (237,'ins','DAEHOON님이 카드리스트 드래그를 수정하였습니다.','ins','2020.01.02 07:12',1,1);
Insert into PMS_DBA.ALARM (ALRM_NUM,ALRM_ID,ALRM_CONTENT,ALRM_URL,ARLM_DATE,USER_NUM,BOARD_NUM) values (238,'ins','TEST님이 알람 CRUD를 수정하였습니다.','ins','2020.01.02 07:13',8,1);
Insert into PMS_DBA.ALARM (ALRM_NUM,ALRM_ID,ALRM_CONTENT,ALRM_URL,ARLM_DATE,USER_NUM,BOARD_NUM) values (239,'ins','TEST님이 카드 추가
를 수정하였습니다.','ins','2020.01.02 07:13',8,1);
Insert into PMS_DBA.ALARM (ALRM_NUM,ALRM_ID,ALRM_CONTENT,ALRM_URL,ARLM_DATE,USER_NUM,BOARD_NUM) values (249,'ins','DAEHOON님이 카드 CURD를 수정하였습니다.','ins','2020.01.02 07:16',1,1);
Insert into PMS_DBA.ALARM (ALRM_NUM,ALRM_ID,ALRM_CONTENT,ALRM_URL,ARLM_DATE,USER_NUM,BOARD_NUM) values (251,'ins','SOYEON님이 안녕를 생성하였습니다.','ins','2020.01.02 07:19',3,1);
Insert into PMS_DBA.ALARM (ALRM_NUM,ALRM_ID,ALRM_CONTENT,ALRM_URL,ARLM_DATE,USER_NUM,BOARD_NUM) values (252,'ins','SOYEON님이 시큐리티를 생성하였습니다.','ins','2020.01.02 07:20',3,1);
Insert into PMS_DBA.ALARM (ALRM_NUM,ALRM_ID,ALRM_CONTENT,ALRM_URL,ARLM_DATE,USER_NUM,BOARD_NUM) values (22,'ins','DAEHOON님이 개인 설정를 수정하였습니다.','ins','2020.01.02 05:07',1,1);
Insert into PMS_DBA.ALARM (ALRM_NUM,ALRM_ID,ALRM_CONTENT,ALRM_URL,ARLM_DATE,USER_NUM,BOARD_NUM) values (24,'ins','DAEHOON님이 마이페이지를 수정하였습니다.','ins','2020.01.02 05:10',1,1);
Insert into PMS_DBA.ALARM (ALRM_NUM,ALRM_ID,ALRM_CONTENT,ALRM_URL,ARLM_DATE,USER_NUM,BOARD_NUM) values (32,'ins','DAEHOON님이 카드 WITH 댓글를 수정하였습니다.','ins','2020.01.02 05:20',1,1);
Insert into PMS_DBA.ALARM (ALRM_NUM,ALRM_ID,ALRM_CONTENT,ALRM_URL,ARLM_DATE,USER_NUM,BOARD_NUM) values (143,'ins','HOHYUN님이 자바스크립트 공부를 생성하였습니다.','ins','2020.01.02 06:06',2,101);
Insert into PMS_DBA.ALARM (ALRM_NUM,ALRM_ID,ALRM_CONTENT,ALRM_URL,ARLM_DATE,USER_NUM,BOARD_NUM) values (147,'ins','BEOMSEOK님이 CardList를 수정하였습니다.','ins','2020.01.02 06:09',5,101);
Insert into PMS_DBA.ALARM (ALRM_NUM,ALRM_ID,ALRM_CONTENT,ALRM_URL,ARLM_DATE,USER_NUM,BOARD_NUM) values (148,'ins','BEOMSEOK님이 카드 추가
를 생성하였습니다.','ins','2020.01.02 06:12',5,101);
Insert into PMS_DBA.ALARM (ALRM_NUM,ALRM_ID,ALRM_CONTENT,ALRM_URL,ARLM_DATE,USER_NUM,BOARD_NUM) values (158,'ins','BEOMSEOK님이 카드 수정를 수정하였습니다.','ins','2020.01.02 06:14',5,101);
Insert into PMS_DBA.ALARM (ALRM_NUM,ALRM_ID,ALRM_CONTENT,ALRM_URL,ARLM_DATE,USER_NUM,BOARD_NUM) values (159,'ins','BEOMSEOK님이 자바스크립트 공부를 수정하였습니다.','ins','2020.01.02 06:14',5,101);
Insert into PMS_DBA.ALARM (ALRM_NUM,ALRM_ID,ALRM_CONTENT,ALRM_URL,ARLM_DATE,USER_NUM,BOARD_NUM) values (161,'ins','BEOMSEOK님이 자바스크립트 공부ㅋㅌㅍ를 수정하였습니다.','ins','2020.01.02 06:14',5,101);
Insert into PMS_DBA.ALARM (ALRM_NUM,ALRM_ID,ALRM_CONTENT,ALRM_URL,ARLM_DATE,USER_NUM,BOARD_NUM) values (164,'ins','BEOMSEOK님이 카드 수정를 수정하였습니다.','ins','2020.01.02 06:16',5,101);
Insert into PMS_DBA.ALARM (ALRM_NUM,ALRM_ID,ALRM_CONTENT,ALRM_URL,ARLM_DATE,USER_NUM,BOARD_NUM) values (165,'ins','BEOMSEOK님이 카드 수정를 수정하였습니다.','ins','2020.01.02 06:16',5,101);
Insert into PMS_DBA.ALARM (ALRM_NUM,ALRM_ID,ALRM_CONTENT,ALRM_URL,ARLM_DATE,USER_NUM,BOARD_NUM) values (166,'ins','BEOMSEOK님이 카드 수정를 수정하였습니다.','ins','2020.01.02 06:16',5,101);
Insert into PMS_DBA.ALARM (ALRM_NUM,ALRM_ID,ALRM_CONTENT,ALRM_URL,ARLM_DATE,USER_NUM,BOARD_NUM) values (168,'ins','BEOMSEOK님이 카드 수정ㅋㅌㅍ를 수정하였습니다.','ins','2020.01.02 06:16',5,101);
Insert into PMS_DBA.ALARM (ALRM_NUM,ALRM_ID,ALRM_CONTENT,ALRM_URL,ARLM_DATE,USER_NUM,BOARD_NUM) values (172,'ins','BEOMSEOK님이 카드 수정ㅋㅌㅍ를 수정하였습니다.','ins','2020.01.02 06:18',5,101);
Insert into PMS_DBA.ALARM (ALRM_NUM,ALRM_ID,ALRM_CONTENT,ALRM_URL,ARLM_DATE,USER_NUM,BOARD_NUM) values (181,'ins','BEOMSEOK님이 자바스크립트 공부를 수정하였습니다.','ins','2020.01.02 06:25',5,101);
Insert into PMS_DBA.ALARM (ALRM_NUM,ALRM_ID,ALRM_CONTENT,ALRM_URL,ARLM_DATE,USER_NUM,BOARD_NUM) values (182,'ins','BEOMSEOK님이 자바스크립트 공부를 수정하였습니다.','ins','2020.01.02 06:25',5,101);
Insert into PMS_DBA.ALARM (ALRM_NUM,ALRM_ID,ALRM_CONTENT,ALRM_URL,ARLM_DATE,USER_NUM,BOARD_NUM) values (196,'ins','BEOMSEOK님이 자바스크립트 공부를 수정하였습니다.','ins','2020.01.02 06:49',5,101);
Insert into PMS_DBA.ALARM (ALRM_NUM,ALRM_ID,ALRM_CONTENT,ALRM_URL,ARLM_DATE,USER_NUM,BOARD_NUM) values (199,'ins','BEOMSEOK님이 발표용 ppt 작성하기를 수정하였습니다.','ins','2020.01.02 06:49',5,101);
Insert into PMS_DBA.ALARM (ALRM_NUM,ALRM_ID,ALRM_CONTENT,ALRM_URL,ARLM_DATE,USER_NUM,BOARD_NUM) values (200,'ins','BEOMSEOK님이 pm으로서 자질 를 생성하였습니다.','ins','2020.01.02 06:49',5,101);
Insert into PMS_DBA.ALARM (ALRM_NUM,ALRM_ID,ALRM_CONTENT,ALRM_URL,ARLM_DATE,USER_NUM,BOARD_NUM) values (201,'ins','BEOMSEOK님이 pm으로서 자질 를 수정하였습니다.','ins','2020.01.02 06:49',5,101);
Insert into PMS_DBA.ALARM (ALRM_NUM,ALRM_ID,ALRM_CONTENT,ALRM_URL,ARLM_DATE,USER_NUM,BOARD_NUM) values (203,'ins','BEOMSEOK님이 카드 추가를 생성하였습니다.','ins','2020.01.02 06:51',5,101);
Insert into PMS_DBA.ALARM (ALRM_NUM,ALRM_ID,ALRM_CONTENT,ALRM_URL,ARLM_DATE,USER_NUM,BOARD_NUM) values (205,'ins','DAEHOON님이 카드 CURD를 수정하였습니다.','ins','2020.01.02 06:54',1,1);
Insert into PMS_DBA.ALARM (ALRM_NUM,ALRM_ID,ALRM_CONTENT,ALRM_URL,ARLM_DATE,USER_NUM,BOARD_NUM) values (209,'ins','DAEHOON님이 카드 CURD를 수정하였습니다.','ins','2020.01.02 06:55',1,1);
Insert into PMS_DBA.ALARM (ALRM_NUM,ALRM_ID,ALRM_CONTENT,ALRM_URL,ARLM_DATE,USER_NUM,BOARD_NUM) values (210,'ins','DAEHOON님이 카드 CURD를 수정하였습니다.','ins','2020.01.02 06:55',1,1);
Insert into PMS_DBA.ALARM (ALRM_NUM,ALRM_ID,ALRM_CONTENT,ALRM_URL,ARLM_DATE,USER_NUM,BOARD_NUM) values (215,'ins','DAEHOON님이 카드 WITH 댓글를 수정하였습니다.','ins','2020.01.02 07:00',1,1);
Insert into PMS_DBA.ALARM (ALRM_NUM,ALRM_ID,ALRM_CONTENT,ALRM_URL,ARLM_DATE,USER_NUM,BOARD_NUM) values (217,'ins','DAEHOON님이 카드 WITH UI를 수정하였습니다.','ins','2020.01.02 07:00',1,1);
Insert into PMS_DBA.ALARM (ALRM_NUM,ALRM_ID,ALRM_CONTENT,ALRM_URL,ARLM_DATE,USER_NUM,BOARD_NUM) values (219,'ins','DAEHOON님이 알람 CRUD를 수정하였습니다.','ins','2020.01.02 07:00',1,1);
Insert into PMS_DBA.ALARM (ALRM_NUM,ALRM_ID,ALRM_CONTENT,ALRM_URL,ARLM_DATE,USER_NUM,BOARD_NUM) values (221,'ins','TEST님이 카드추가
를 생성하였습니다.','ins','2020.01.02 07:07',8,1);
Insert into PMS_DBA.ALARM (ALRM_NUM,ALRM_ID,ALRM_CONTENT,ALRM_URL,ARLM_DATE,USER_NUM,BOARD_NUM) values (222,'ins','TEST님이 카드추가
를 수정하였습니다.','ins','2020.01.02 07:07',8,1);
Insert into PMS_DBA.ALARM (ALRM_NUM,ALRM_ID,ALRM_CONTENT,ALRM_URL,ARLM_DATE,USER_NUM,BOARD_NUM) values (226,'ins','DAEHOON님이 알람 CRUD를 수정하였습니다.','ins','2020.01.02 07:10',1,1);
Insert into PMS_DBA.ALARM (ALRM_NUM,ALRM_ID,ALRM_CONTENT,ALRM_URL,ARLM_DATE,USER_NUM,BOARD_NUM) values (228,'ins','DAEHOON님이 카드 추가
를 수정하였습니다.','ins','2020.01.02 07:10',1,1);
Insert into PMS_DBA.ALARM (ALRM_NUM,ALRM_ID,ALRM_CONTENT,ALRM_URL,ARLM_DATE,USER_NUM,BOARD_NUM) values (232,'ins','TEST님이 카드 추가
를 수정하였습니다.','ins','2020.01.02 07:11',8,1);
Insert into PMS_DBA.ALARM (ALRM_NUM,ALRM_ID,ALRM_CONTENT,ALRM_URL,ARLM_DATE,USER_NUM,BOARD_NUM) values (233,'ins','TEST님이 카드 추가
를 수정하였습니다.','ins','2020.01.02 07:11',8,1);
Insert into PMS_DBA.ALARM (ALRM_NUM,ALRM_ID,ALRM_CONTENT,ALRM_URL,ARLM_DATE,USER_NUM,BOARD_NUM) values (236,'ins','DAEHOON님이 카드리스트 드래그를 수정하였습니다.','ins','2020.01.02 07:12',1,1);
Insert into PMS_DBA.ALARM (ALRM_NUM,ALRM_ID,ALRM_CONTENT,ALRM_URL,ARLM_DATE,USER_NUM,BOARD_NUM) values (240,'ins','DAEHOON님이 카드리스트 드래그를 수정하였습니다.','ins','2020.01.02 07:13',1,1);
Insert into PMS_DBA.ALARM (ALRM_NUM,ALRM_ID,ALRM_CONTENT,ALRM_URL,ARLM_DATE,USER_NUM,BOARD_NUM) values (241,'ins','DAEHOON님이 마이페이지를 수정하였습니다.','ins','2020.01.02 07:13',1,1);
Insert into PMS_DBA.ALARM (ALRM_NUM,ALRM_ID,ALRM_CONTENT,ALRM_URL,ARLM_DATE,USER_NUM,BOARD_NUM) values (242,'ins','DAEHOON님이 개인 설정를 수정하였습니다.','ins','2020.01.02 07:14',1,1);
Insert into PMS_DBA.ALARM (ALRM_NUM,ALRM_ID,ALRM_CONTENT,ALRM_URL,ARLM_DATE,USER_NUM,BOARD_NUM) values (243,'ins','DAEHOON님이 보드 WITH USER를 수정하였습니다.','ins','2020.01.02 07:14',1,1);
Insert into PMS_DBA.ALARM (ALRM_NUM,ALRM_ID,ALRM_CONTENT,ALRM_URL,ARLM_DATE,USER_NUM,BOARD_NUM) values (244,'ins','DAEHOON님이 보드 CURD를 수정하였습니다.','ins','2020.01.02 07:14',1,1);
Insert into PMS_DBA.ALARM (ALRM_NUM,ALRM_ID,ALRM_CONTENT,ALRM_URL,ARLM_DATE,USER_NUM,BOARD_NUM) values (245,'ins','DAEHOON님이 카드 WITH 댓글를 수정하였습니다.','ins','2020.01.02 07:14',1,1);
Insert into PMS_DBA.ALARM (ALRM_NUM,ALRM_ID,ALRM_CONTENT,ALRM_URL,ARLM_DATE,USER_NUM,BOARD_NUM) values (246,'ins','DAEHOON님이 보드 WITH CARD를 수정하였습니다.','ins','2020.01.02 07:14',1,1);
Insert into PMS_DBA.ALARM (ALRM_NUM,ALRM_ID,ALRM_CONTENT,ALRM_URL,ARLM_DATE,USER_NUM,BOARD_NUM) values (262,'ins','TEST님이 알람 CRUD를 수정하였습니다.','ins','2020.01.02 08:00',8,1);
Insert into PMS_DBA.ALARM (ALRM_NUM,ALRM_ID,ALRM_CONTENT,ALRM_URL,ARLM_DATE,USER_NUM,BOARD_NUM) values (263,'ins','TEST님이 보드 WITH CARD를 수정하였습니다.','ins','2020.01.02 08:00',8,1);
Insert into PMS_DBA.ALARM (ALRM_NUM,ALRM_ID,ALRM_CONTENT,ALRM_URL,ARLM_DATE,USER_NUM,BOARD_NUM) values (266,'ins','TEST님이 알람test를 수정하였습니다.','ins','2020.01.02 08:00',8,1);
REM INSERTING into PMS_DBA.BOARD
SET DEFINE OFF;
Insert into PMS_DBA.BOARD (BOARD_NUM,BOARD_NAME,BOARD_PUBLIC,BOARD_DATE,BOARD_ADMIN) values (41,'개인 공부',0,to_date('20/01/02','RR/MM/DD'),1);
Insert into PMS_DBA.BOARD (BOARD_NUM,BOARD_NAME,BOARD_PUBLIC,BOARD_DATE,BOARD_ADMIN) values (42,'JAVA STUDY',0,to_date('20/01/02','RR/MM/DD'),1);
Insert into PMS_DBA.BOARD (BOARD_NUM,BOARD_NAME,BOARD_PUBLIC,BOARD_DATE,BOARD_ADMIN) values (61,'신규보드',0,to_date('20/01/02','RR/MM/DD'),3);
Insert into PMS_DBA.BOARD (BOARD_NUM,BOARD_NAME,BOARD_PUBLIC,BOARD_DATE,BOARD_ADMIN) values (81,'개인보드',0,to_date('20/01/02','RR/MM/DD'),3);
Insert into PMS_DBA.BOARD (BOARD_NUM,BOARD_NAME,BOARD_PUBLIC,BOARD_DATE,BOARD_ADMIN) values (101,'게시판 개인공부',0,to_date('20/01/02','RR/MM/DD'),2);
Insert into PMS_DBA.BOARD (BOARD_NUM,BOARD_NAME,BOARD_PUBLIC,BOARD_DATE,BOARD_ADMIN) values (122,'스크립트 공부',0,to_date('20/01/02','RR/MM/DD'),1);
Insert into PMS_DBA.BOARD (BOARD_NUM,BOARD_NAME,BOARD_PUBLIC,BOARD_DATE,BOARD_ADMIN) values (123,'프로그래밍 스터디',0,to_date('20/01/02','RR/MM/DD'),1);
Insert into PMS_DBA.BOARD (BOARD_NUM,BOARD_NAME,BOARD_PUBLIC,BOARD_DATE,BOARD_ADMIN) values (131,'리로드 보드',0,to_date('20/01/02','RR/MM/DD'),1);
Insert into PMS_DBA.BOARD (BOARD_NUM,BOARD_NAME,BOARD_PUBLIC,BOARD_DATE,BOARD_ADMIN) values (127,'코스타',0,to_date('20/01/02','RR/MM/DD'),5);
Insert into PMS_DBA.BOARD (BOARD_NUM,BOARD_NAME,BOARD_PUBLIC,BOARD_DATE,BOARD_ADMIN) values (138,'체크 리스트',0,to_date('20/01/02','RR/MM/DD'),2);
Insert into PMS_DBA.BOARD (BOARD_NUM,BOARD_NAME,BOARD_PUBLIC,BOARD_DATE,BOARD_ADMIN) values (132,'리로딩 보드',0,to_date('20/01/02','RR/MM/DD'),1);
Insert into PMS_DBA.BOARD (BOARD_NUM,BOARD_NAME,BOARD_PUBLIC,BOARD_DATE,BOARD_ADMIN) values (1,'AMGN',0,to_date('20/01/02','RR/MM/DD'),1);
Insert into PMS_DBA.BOARD (BOARD_NUM,BOARD_NAME,BOARD_PUBLIC,BOARD_DATE,BOARD_ADMIN) values (2,'STUDY GROUP',0,to_date('20/01/02','RR/MM/DD'),1);
Insert into PMS_DBA.BOARD (BOARD_NUM,BOARD_NAME,BOARD_PUBLIC,BOARD_DATE,BOARD_ADMIN) values (3,'KOTTRANG',0,to_date('20/01/02','RR/MM/DD'),3);
Insert into PMS_DBA.BOARD (BOARD_NUM,BOARD_NAME,BOARD_PUBLIC,BOARD_DATE,BOARD_ADMIN) values (4,'KOKO',0,to_date('20/01/02','RR/MM/DD'),6);
Insert into PMS_DBA.BOARD (BOARD_NUM,BOARD_NAME,BOARD_PUBLIC,BOARD_DATE,BOARD_ADMIN) values (5,'ALGORITHM',0,to_date('20/01/02','RR/MM/DD'),5);
Insert into PMS_DBA.BOARD (BOARD_NUM,BOARD_NAME,BOARD_PUBLIC,BOARD_DATE,BOARD_ADMIN) values (21,'Chat_AMGN',0,to_date('20/01/02','RR/MM/DD'),2);
Insert into PMS_DBA.BOARD (BOARD_NUM,BOARD_NAME,BOARD_PUBLIC,BOARD_DATE,BOARD_ADMIN) values (135,'123',0,to_date('20/01/02','RR/MM/DD'),5);
Insert into PMS_DBA.BOARD (BOARD_NUM,BOARD_NAME,BOARD_PUBLIC,BOARD_DATE,BOARD_ADMIN) values (43,'여행계획',0,to_date('20/01/02','RR/MM/DD'),1);
Insert into PMS_DBA.BOARD (BOARD_NUM,BOARD_NAME,BOARD_PUBLIC,BOARD_DATE,BOARD_ADMIN) values (124,'ㅁㄴㅇㄹ',0,to_date('20/01/02','RR/MM/DD'),2);
Insert into PMS_DBA.BOARD (BOARD_NUM,BOARD_NAME,BOARD_PUBLIC,BOARD_DATE,BOARD_ADMIN) values (139,'체크 리스트',0,to_date('20/01/02','RR/MM/DD'),2);
Insert into PMS_DBA.BOARD (BOARD_NUM,BOARD_NAME,BOARD_PUBLIC,BOARD_DATE,BOARD_ADMIN) values (140,'aaa',0,to_date('20/01/02','RR/MM/DD'),2);
Insert into PMS_DBA.BOARD (BOARD_NUM,BOARD_NAME,BOARD_PUBLIC,BOARD_DATE,BOARD_ADMIN) values (121,'보드생성',0,to_date('20/01/02','RR/MM/DD'),5);
Insert into PMS_DBA.BOARD (BOARD_NUM,BOARD_NAME,BOARD_PUBLIC,BOARD_DATE,BOARD_ADMIN) values (128,'amg',0,to_date('20/01/02','RR/MM/DD'),5);
Insert into PMS_DBA.BOARD (BOARD_NUM,BOARD_NAME,BOARD_PUBLIC,BOARD_DATE,BOARD_ADMIN) values (130,'보드 생성2입니다',0,to_date('20/01/02','RR/MM/DD'),5);
Insert into PMS_DBA.BOARD (BOARD_NUM,BOARD_NAME,BOARD_PUBLIC,BOARD_DATE,BOARD_ADMIN) values (133,'보드 생성3',0,to_date('20/01/02','RR/MM/DD'),5);
Insert into PMS_DBA.BOARD (BOARD_NUM,BOARD_NAME,BOARD_PUBLIC,BOARD_DATE,BOARD_ADMIN) values (134,'보드생성',0,to_date('20/01/02','RR/MM/DD'),5);
Insert into PMS_DBA.BOARD (BOARD_NUM,BOARD_NAME,BOARD_PUBLIC,BOARD_DATE,BOARD_ADMIN) values (136,'213',0,to_date('20/01/02','RR/MM/DD'),5);
Insert into PMS_DBA.BOARD (BOARD_NUM,BOARD_NAME,BOARD_PUBLIC,BOARD_DATE,BOARD_ADMIN) values (137,'보드 생성후후',0,to_date('20/01/02','RR/MM/DD'),5);
Insert into PMS_DBA.BOARD (BOARD_NUM,BOARD_NAME,BOARD_PUBLIC,BOARD_DATE,BOARD_ADMIN) values (141,'보드 생성하기',0,to_date('20/01/02','RR/MM/DD'),5);
Insert into PMS_DBA.BOARD (BOARD_NUM,BOARD_NAME,BOARD_PUBLIC,BOARD_DATE,BOARD_ADMIN) values (161,'보드만듭니다',0,to_date('20/01/03','RR/MM/DD'),8);
REM INSERTING into PMS_DBA.CARD
SET DEFINE OFF;
Insert into PMS_DBA.CARD (CARD_NUM,CARD_NAME,CARD_START_DATE,CARD_DUE_DATE,CARD_REG_DATE,CARD_CONTENT,CARD_CLEAR,CARD_ORDER,CARD_CALENDAR,USER_NUM,FILE_NUM,CARDLIST_NUM,BOARD_NUM) values (61,'파일첨부 기능 구현',to_date('70/01/01','RR/MM/DD'),to_date('70/01/01','RR/MM/DD'),to_date('20/01/02','RR/MM/DD'),null,0,61,0,1,null,33,1);
Insert into PMS_DBA.CARD (CARD_NUM,CARD_NAME,CARD_START_DATE,CARD_DUE_DATE,CARD_REG_DATE,CARD_CONTENT,CARD_CLEAR,CARD_ORDER,CARD_CALENDAR,USER_NUM,FILE_NUM,CARDLIST_NUM,BOARD_NUM) values (101,'스크롤 부분 custom',to_date('70/01/01','RR/MM/DD'),to_date('70/01/01','RR/MM/DD'),to_date('20/01/02','RR/MM/DD'),'그냥 css로 구현',0,101,0,1,null,41,1);
Insert into PMS_DBA.CARD (CARD_NUM,CARD_NAME,CARD_START_DATE,CARD_DUE_DATE,CARD_REG_DATE,CARD_CONTENT,CARD_CLEAR,CARD_ORDER,CARD_CALENDAR,USER_NUM,FILE_NUM,CARDLIST_NUM,BOARD_NUM) values (102,'파일업로드',to_date('70/01/01','RR/MM/DD'),to_date('70/01/01','RR/MM/DD'),to_date('20/01/02','RR/MM/DD'),null,0,0,0,1,null,27,21);
Insert into PMS_DBA.CARD (CARD_NUM,CARD_NAME,CARD_START_DATE,CARD_DUE_DATE,CARD_REG_DATE,CARD_CONTENT,CARD_CLEAR,CARD_ORDER,CARD_CALENDAR,USER_NUM,FILE_NUM,CARDLIST_NUM,BOARD_NUM) values (103,'UI 부분 꾸미기',to_date('70/01/01','RR/MM/DD'),to_date('70/01/01','RR/MM/DD'),to_date('20/01/02','RR/MM/DD'),null,0,0,0,1,null,29,21);
Insert into PMS_DBA.CARD (CARD_NUM,CARD_NAME,CARD_START_DATE,CARD_DUE_DATE,CARD_REG_DATE,CARD_CONTENT,CARD_CLEAR,CARD_ORDER,CARD_CALENDAR,USER_NUM,FILE_NUM,CARDLIST_NUM,BOARD_NUM) values (105,'oracle 과 mongoDB 연동',to_date('70/01/01','RR/MM/DD'),to_date('70/01/01','RR/MM/DD'),to_date('20/01/02','RR/MM/DD'),null,0,0,0,1,null,31,21);
Insert into PMS_DBA.CARD (CARD_NUM,CARD_NAME,CARD_START_DATE,CARD_DUE_DATE,CARD_REG_DATE,CARD_CONTENT,CARD_CLEAR,CARD_ORDER,CARD_CALENDAR,USER_NUM,FILE_NUM,CARDLIST_NUM,BOARD_NUM) values (121,'로그아웃',to_date('70/01/01','RR/MM/DD'),to_date('70/01/01','RR/MM/DD'),to_date('20/01/02','RR/MM/DD'),null,0,2,0,1,null,7,1);
Insert into PMS_DBA.CARD (CARD_NUM,CARD_NAME,CARD_START_DATE,CARD_DUE_DATE,CARD_REG_DATE,CARD_CONTENT,CARD_CLEAR,CARD_ORDER,CARD_CALENDAR,USER_NUM,FILE_NUM,CARDLIST_NUM,BOARD_NUM) values (123,'알람test',to_date('70/01/01','RR/MM/DD'),to_date('70/01/01','RR/MM/DD'),to_date('20/01/02','RR/MM/DD'),null,0,3,0,1,null,9,1);
Insert into PMS_DBA.CARD (CARD_NUM,CARD_NAME,CARD_START_DATE,CARD_DUE_DATE,CARD_REG_DATE,CARD_CONTENT,CARD_CLEAR,CARD_ORDER,CARD_CALENDAR,USER_NUM,FILE_NUM,CARDLIST_NUM,BOARD_NUM) values (124,'알람test2',to_date('70/01/01','RR/MM/DD'),to_date('70/01/01','RR/MM/DD'),to_date('20/01/02','RR/MM/DD'),null,0,2,0,1,null,8,1);
Insert into PMS_DBA.CARD (CARD_NUM,CARD_NAME,CARD_START_DATE,CARD_DUE_DATE,CARD_REG_DATE,CARD_CONTENT,CARD_CLEAR,CARD_ORDER,CARD_CALENDAR,USER_NUM,FILE_NUM,CARDLIST_NUM,BOARD_NUM) values (125,'board list 구현',to_date('70/01/01','RR/MM/DD'),to_date('70/01/01','RR/MM/DD'),to_date('20/01/02','RR/MM/DD'),'board와 list style 구현합니다.',0,0,0,1,null,89,101);
Insert into PMS_DBA.CARD (CARD_NUM,CARD_NAME,CARD_START_DATE,CARD_DUE_DATE,CARD_REG_DATE,CARD_CONTENT,CARD_CLEAR,CARD_ORDER,CARD_CALENDAR,USER_NUM,FILE_NUM,CARDLIST_NUM,BOARD_NUM) values (141,'자바스크립트 공부',to_date('70/01/01','RR/MM/DD'),to_date('70/01/01','RR/MM/DD'),to_date('20/01/02','RR/MM/DD'),'어렵다....',0,0,0,1,null,101,101);
Insert into PMS_DBA.CARD (CARD_NUM,CARD_NAME,CARD_START_DATE,CARD_DUE_DATE,CARD_REG_DATE,CARD_CONTENT,CARD_CLEAR,CARD_ORDER,CARD_CALENDAR,USER_NUM,FILE_NUM,CARDLIST_NUM,BOARD_NUM) values (143,'카드 수정ㅋㅌㅍ',to_date('70/01/01','RR/MM/DD'),to_date('70/01/01','RR/MM/DD'),to_date('20/01/02','RR/MM/DD'),'내용 추가 ㅋㅌㅍㅋㅍ',0,1,0,1,null,101,101);
Insert into PMS_DBA.CARD (CARD_NUM,CARD_NAME,CARD_START_DATE,CARD_DUE_DATE,CARD_REG_DATE,CARD_CONTENT,CARD_CLEAR,CARD_ORDER,CARD_CALENDAR,USER_NUM,FILE_NUM,CARDLIST_NUM,BOARD_NUM) values (144,'발표용 ppt 작성하기',to_date('70/01/01','RR/MM/DD'),to_date('70/01/01','RR/MM/DD'),to_date('20/01/02','RR/MM/DD'),'발표용 ppt는 board에 대한 내용과 사진을 넣고,
발표는 y축 스크롤 구현과 헤더부분을 뚫지 않는 스크롤 구조
작성하는 것에 대한 발표를 하면 될 것 같습니다.',0,144,0,1,null,89,101);
Insert into PMS_DBA.CARD (CARD_NUM,CARD_NAME,CARD_START_DATE,CARD_DUE_DATE,CARD_REG_DATE,CARD_CONTENT,CARD_CLEAR,CARD_ORDER,CARD_CALENDAR,USER_NUM,FILE_NUM,CARDLIST_NUM,BOARD_NUM) values (158,'카드리스트 드래그',to_date('70/01/01','RR/MM/DD'),to_date('70/01/01','RR/MM/DD'),to_date('20/01/02','RR/MM/DD'),null,0,1,0,1,null,10,1);
Insert into PMS_DBA.CARD (CARD_NUM,CARD_NAME,CARD_START_DATE,CARD_DUE_DATE,CARD_REG_DATE,CARD_CONTENT,CARD_CLEAR,CARD_ORDER,CARD_CALENDAR,USER_NUM,FILE_NUM,CARDLIST_NUM,BOARD_NUM) values (152,'카드 이름 수정 ',to_date('70/01/01','RR/MM/DD'),to_date('70/01/01','RR/MM/DD'),to_date('20/01/02','RR/MM/DD'),'내용 추가 ',0,2,0,1,null,93,101);
Insert into PMS_DBA.CARD (CARD_NUM,CARD_NAME,CARD_START_DATE,CARD_DUE_DATE,CARD_REG_DATE,CARD_CONTENT,CARD_CLEAR,CARD_ORDER,CARD_CALENDAR,USER_NUM,FILE_NUM,CARDLIST_NUM,BOARD_NUM) values (160,'시큐리티',to_date('70/01/01','RR/MM/DD'),to_date('70/01/01','RR/MM/DD'),to_date('20/01/02','RR/MM/DD'),null,0,160,0,1,null,7,1);
Insert into PMS_DBA.CARD (CARD_NUM,CARD_NAME,CARD_START_DATE,CARD_DUE_DATE,CARD_REG_DATE,CARD_CONTENT,CARD_CLEAR,CARD_ORDER,CARD_CALENDAR,USER_NUM,FILE_NUM,CARDLIST_NUM,BOARD_NUM) values (122,'로그인',to_date('70/01/01','RR/MM/DD'),to_date('70/01/01','RR/MM/DD'),to_date('20/01/02','RR/MM/DD'),null,0,3,0,1,null,7,1);
Insert into PMS_DBA.CARD (CARD_NUM,CARD_NAME,CARD_START_DATE,CARD_DUE_DATE,CARD_REG_DATE,CARD_CONTENT,CARD_CLEAR,CARD_ORDER,CARD_CALENDAR,USER_NUM,FILE_NUM,CARDLIST_NUM,BOARD_NUM) values (31,'회원가입',null,null,to_date('20/01/02','RR/MM/DD'),null,0,0,0,1,null,7,1);
Insert into PMS_DBA.CARD (CARD_NUM,CARD_NAME,CARD_START_DATE,CARD_DUE_DATE,CARD_REG_DATE,CARD_CONTENT,CARD_CLEAR,CARD_ORDER,CARD_CALENDAR,USER_NUM,FILE_NUM,CARDLIST_NUM,BOARD_NUM) values (32,'마이페이지',null,null,to_date('20/01/02','RR/MM/DD'),null,0,1,0,1,null,7,1);
Insert into PMS_DBA.CARD (CARD_NUM,CARD_NAME,CARD_START_DATE,CARD_DUE_DATE,CARD_REG_DATE,CARD_CONTENT,CARD_CLEAR,CARD_ORDER,CARD_CALENDAR,USER_NUM,FILE_NUM,CARDLIST_NUM,BOARD_NUM) values (33,'개인 설정',null,null,to_date('20/01/02','RR/MM/DD'),null,0,0,0,1,null,8,1);
Insert into PMS_DBA.CARD (CARD_NUM,CARD_NAME,CARD_START_DATE,CARD_DUE_DATE,CARD_REG_DATE,CARD_CONTENT,CARD_CLEAR,CARD_ORDER,CARD_CALENDAR,USER_NUM,FILE_NUM,CARDLIST_NUM,BOARD_NUM) values (34,'보드 WITH USER',null,null,to_date('20/01/02','RR/MM/DD'),null,0,2,0,1,null,10,1);
Insert into PMS_DBA.CARD (CARD_NUM,CARD_NAME,CARD_START_DATE,CARD_DUE_DATE,CARD_REG_DATE,CARD_CONTENT,CARD_CLEAR,CARD_ORDER,CARD_CALENDAR,USER_NUM,FILE_NUM,CARDLIST_NUM,BOARD_NUM) values (35,'보드 WITH CARD',null,null,to_date('20/01/02','RR/MM/DD'),null,0,1,0,1,null,9,1);
Insert into PMS_DBA.CARD (CARD_NUM,CARD_NAME,CARD_START_DATE,CARD_DUE_DATE,CARD_REG_DATE,CARD_CONTENT,CARD_CLEAR,CARD_ORDER,CARD_CALENDAR,USER_NUM,FILE_NUM,CARDLIST_NUM,BOARD_NUM) values (36,'보드 CURD',null,null,to_date('20/01/02','RR/MM/DD'),null,0,1,0,1,null,8,1);
Insert into PMS_DBA.CARD (CARD_NUM,CARD_NAME,CARD_START_DATE,CARD_DUE_DATE,CARD_REG_DATE,CARD_CONTENT,CARD_CLEAR,CARD_ORDER,CARD_CALENDAR,USER_NUM,FILE_NUM,CARDLIST_NUM,BOARD_NUM) values (37,'카드 CURD',null,null,to_date('20/01/02','RR/MM/DD'),null,0,4,0,1,null,9,1);
Insert into PMS_DBA.CARD (CARD_NUM,CARD_NAME,CARD_START_DATE,CARD_DUE_DATE,CARD_REG_DATE,CARD_CONTENT,CARD_CLEAR,CARD_ORDER,CARD_CALENDAR,USER_NUM,FILE_NUM,CARDLIST_NUM,BOARD_NUM) values (38,'카드 WITH UI',null,null,to_date('20/01/02','RR/MM/DD'),null,0,2,0,1,null,9,1);
Insert into PMS_DBA.CARD (CARD_NUM,CARD_NAME,CARD_START_DATE,CARD_DUE_DATE,CARD_REG_DATE,CARD_CONTENT,CARD_CLEAR,CARD_ORDER,CARD_CALENDAR,USER_NUM,FILE_NUM,CARDLIST_NUM,BOARD_NUM) values (39,'카드 WITH 댓글',null,null,to_date('20/01/02','RR/MM/DD'),null,0,0,0,1,null,9,1);
Insert into PMS_DBA.CARD (CARD_NUM,CARD_NAME,CARD_START_DATE,CARD_DUE_DATE,CARD_REG_DATE,CARD_CONTENT,CARD_CLEAR,CARD_ORDER,CARD_CALENDAR,USER_NUM,FILE_NUM,CARDLIST_NUM,BOARD_NUM) values (40,'알람 CRUD',null,null,to_date('20/01/02','RR/MM/DD'),null,0,0,0,1,null,11,1);
Insert into PMS_DBA.CARD (CARD_NUM,CARD_NAME,CARD_START_DATE,CARD_DUE_DATE,CARD_REG_DATE,CARD_CONTENT,CARD_CLEAR,CARD_ORDER,CARD_CALENDAR,USER_NUM,FILE_NUM,CARDLIST_NUM,BOARD_NUM) values (157,'ㅇㅇ',to_date('70/01/01','RR/MM/DD'),to_date('70/01/01','RR/MM/DD'),to_date('20/01/02','RR/MM/DD'),null,0,157,0,1,null,141,2);
Insert into PMS_DBA.CARD (CARD_NUM,CARD_NAME,CARD_START_DATE,CARD_DUE_DATE,CARD_REG_DATE,CARD_CONTENT,CARD_CLEAR,CARD_ORDER,CARD_CALENDAR,USER_NUM,FILE_NUM,CARDLIST_NUM,BOARD_NUM) values (41,'멤버간 실시간채팅 구현',to_date('70/01/01','RR/MM/DD'),to_date('70/01/01','RR/MM/DD'),to_date('20/01/02','RR/MM/DD'),null,0,1,0,1,null,29,21);
Insert into PMS_DBA.CARD (CARD_NUM,CARD_NAME,CARD_START_DATE,CARD_DUE_DATE,CARD_REG_DATE,CARD_CONTENT,CARD_CLEAR,CARD_ORDER,CARD_CALENDAR,USER_NUM,FILE_NUM,CARDLIST_NUM,BOARD_NUM) values (42,'멤버간 실시간 채팅',to_date('70/01/01','RR/MM/DD'),to_date('70/01/01','RR/MM/DD'),to_date('20/01/02','RR/MM/DD'),'채팅방 구현중 socket.io 이슈',0,42,0,1,null,33,1);
Insert into PMS_DBA.CARD (CARD_NUM,CARD_NAME,CARD_START_DATE,CARD_DUE_DATE,CARD_REG_DATE,CARD_CONTENT,CARD_CLEAR,CARD_ORDER,CARD_CALENDAR,USER_NUM,FILE_NUM,CARDLIST_NUM,BOARD_NUM) values (43,'채팅방 View 구현',to_date('70/01/01','RR/MM/DD'),to_date('70/01/01','RR/MM/DD'),to_date('20/01/02','RR/MM/DD'),null,0,43,0,1,null,33,1);
Insert into PMS_DBA.CARD (CARD_NUM,CARD_NAME,CARD_START_DATE,CARD_DUE_DATE,CARD_REG_DATE,CARD_CONTENT,CARD_CLEAR,CARD_ORDER,CARD_CALENDAR,USER_NUM,FILE_NUM,CARDLIST_NUM,BOARD_NUM) values (81,'벤치마킹 like Trello view',to_date('70/01/01','RR/MM/DD'),to_date('70/01/01','RR/MM/DD'),to_date('20/01/02','RR/MM/DD'),'어렵네요 하..참..',0,81,0,1,null,41,1);
Insert into PMS_DBA.CARD (CARD_NUM,CARD_NAME,CARD_START_DATE,CARD_DUE_DATE,CARD_REG_DATE,CARD_CONTENT,CARD_CLEAR,CARD_ORDER,CARD_CALENDAR,USER_NUM,FILE_NUM,CARDLIST_NUM,BOARD_NUM) values (104,'socket.io 공부부족!',to_date('70/01/01','RR/MM/DD'),to_date('70/01/01','RR/MM/DD'),to_date('20/01/02','RR/MM/DD'),null,0,0,0,1,null,67,21);
Insert into PMS_DBA.CARD (CARD_NUM,CARD_NAME,CARD_START_DATE,CARD_DUE_DATE,CARD_REG_DATE,CARD_CONTENT,CARD_CLEAR,CARD_ORDER,CARD_CALENDAR,USER_NUM,FILE_NUM,CARDLIST_NUM,BOARD_NUM) values (161,'1:1 댄독 채팅',to_date('70/01/01','RR/MM/DD'),to_date('70/01/01','RR/MM/DD'),to_date('20/01/02','RR/MM/DD'),null,0,161,0,1,null,29,21);
Insert into PMS_DBA.CARD (CARD_NUM,CARD_NAME,CARD_START_DATE,CARD_DUE_DATE,CARD_REG_DATE,CARD_CONTENT,CARD_CLEAR,CARD_ORDER,CARD_CALENDAR,USER_NUM,FILE_NUM,CARDLIST_NUM,BOARD_NUM) values (162,'일대다 대중 채팅',to_date('70/01/01','RR/MM/DD'),to_date('70/01/01','RR/MM/DD'),to_date('20/01/02','RR/MM/DD'),null,0,162,0,1,null,29,21);
Insert into PMS_DBA.CARD (CARD_NUM,CARD_NAME,CARD_START_DATE,CARD_DUE_DATE,CARD_REG_DATE,CARD_CONTENT,CARD_CLEAR,CARD_ORDER,CARD_CALENDAR,USER_NUM,FILE_NUM,CARDLIST_NUM,BOARD_NUM) values (163,'영상화상채팅',to_date('70/01/01','RR/MM/DD'),to_date('70/01/01','RR/MM/DD'),to_date('20/01/02','RR/MM/DD'),null,0,163,0,1,null,29,21);
Insert into PMS_DBA.CARD (CARD_NUM,CARD_NAME,CARD_START_DATE,CARD_DUE_DATE,CARD_REG_DATE,CARD_CONTENT,CARD_CLEAR,CARD_ORDER,CARD_CALENDAR,USER_NUM,FILE_NUM,CARDLIST_NUM,BOARD_NUM) values (164,'채팅!
',to_date('70/01/01','RR/MM/DD'),to_date('70/01/01','RR/MM/DD'),to_date('20/01/02','RR/MM/DD'),null,0,164,0,1,null,29,21);
Insert into PMS_DBA.CARD (CARD_NUM,CARD_NAME,CARD_START_DATE,CARD_DUE_DATE,CARD_REG_DATE,CARD_CONTENT,CARD_CLEAR,CARD_ORDER,CARD_CALENDAR,USER_NUM,FILE_NUM,CARDLIST_NUM,BOARD_NUM) values (142,'CardList',to_date('70/01/01','RR/MM/DD'),to_date('70/01/01','RR/MM/DD'),to_date('20/01/02','RR/MM/DD'),null,0,142,0,1,null,87,101);
Insert into PMS_DBA.CARD (CARD_NUM,CARD_NAME,CARD_START_DATE,CARD_DUE_DATE,CARD_REG_DATE,CARD_CONTENT,CARD_CLEAR,CARD_ORDER,CARD_CALENDAR,USER_NUM,FILE_NUM,CARDLIST_NUM,BOARD_NUM) values (153,'알람 시도 ',to_date('70/01/01','RR/MM/DD'),to_date('70/01/01','RR/MM/DD'),to_date('20/01/02','RR/MM/DD'),null,0,153,0,1,null,87,101);
Insert into PMS_DBA.CARD (CARD_NUM,CARD_NAME,CARD_START_DATE,CARD_DUE_DATE,CARD_REG_DATE,CARD_CONTENT,CARD_CLEAR,CARD_ORDER,CARD_CALENDAR,USER_NUM,FILE_NUM,CARDLIST_NUM,BOARD_NUM) values (155,'알람 CRUD',to_date('70/01/01','RR/MM/DD'),to_date('70/01/01','RR/MM/DD'),to_date('20/01/02','RR/MM/DD'),'내용 추가 ',0,0,0,1,null,10,1);
Insert into PMS_DBA.CARD (CARD_NUM,CARD_NAME,CARD_START_DATE,CARD_DUE_DATE,CARD_REG_DATE,CARD_CONTENT,CARD_CLEAR,CARD_ORDER,CARD_CALENDAR,USER_NUM,FILE_NUM,CARDLIST_NUM,BOARD_NUM) values (148,'카드수정입니다',to_date('70/01/01','RR/MM/DD'),to_date('70/01/01','RR/MM/DD'),to_date('20/01/02','RR/MM/DD'),'내용 추가입니다',0,1,0,1,null,93,101);
REM INSERTING into PMS_DBA.CARDLIST
SET DEFINE OFF;
Insert into PMS_DBA.CARDLIST (CARDLIST_NUM,CARDLIST_NAME,CARDLIST_ORDER,BOARD_NUM) values (33,'Chat',34,1);
Insert into PMS_DBA.CARDLIST (CARDLIST_NUM,CARDLIST_NAME,CARDLIST_ORDER,BOARD_NUM) values (67,'개인공부 할것',68,21);
Insert into PMS_DBA.CARDLIST (CARDLIST_NUM,CARDLIST_NAME,CARDLIST_ORDER,BOARD_NUM) values (101,'호현',101,101);
Insert into PMS_DBA.CARDLIST (CARDLIST_NUM,CARDLIST_NAME,CARDLIST_ORDER,BOARD_NUM) values (83,'주희',84,101);
Insert into PMS_DBA.CARDLIST (CARDLIST_NUM,CARDLIST_NAME,CARDLIST_ORDER,BOARD_NUM) values (85,'소연',85,101);
Insert into PMS_DBA.CARDLIST (CARDLIST_NUM,CARDLIST_NAME,CARDLIST_ORDER,BOARD_NUM) values (87,'범석',87,101);
Insert into PMS_DBA.CARDLIST (CARDLIST_NUM,CARDLIST_NAME,CARDLIST_ORDER,BOARD_NUM) values (89,'동재',89,101);
Insert into PMS_DBA.CARDLIST (CARDLIST_NUM,CARDLIST_NAME,CARDLIST_ORDER,BOARD_NUM) values (91,'수재',92,101);
Insert into PMS_DBA.CARDLIST (CARDLIST_NUM,CARDLIST_NAME,CARDLIST_ORDER,BOARD_NUM) values (93,'대훈',94,101);
Insert into PMS_DBA.CARDLIST (CARDLIST_NUM,CARDLIST_NAME,CARDLIST_ORDER,BOARD_NUM) values (141,'ㅇㅇ',141,2);
Insert into PMS_DBA.CARDLIST (CARDLIST_NUM,CARDLIST_NAME,CARDLIST_ORDER,BOARD_NUM) values (7,'USERS',null,1);
Insert into PMS_DBA.CARDLIST (CARDLIST_NUM,CARDLIST_NAME,CARDLIST_ORDER,BOARD_NUM) values (8,'BOARD',null,1);
Insert into PMS_DBA.CARDLIST (CARDLIST_NUM,CARDLIST_NAME,CARDLIST_ORDER,BOARD_NUM) values (9,'CARD',null,1);
Insert into PMS_DBA.CARDLIST (CARDLIST_NUM,CARDLIST_NAME,CARDLIST_ORDER,BOARD_NUM) values (10,'CARDLIST',10,1);
Insert into PMS_DBA.CARDLIST (CARDLIST_NUM,CARDLIST_NAME,CARDLIST_ORDER,BOARD_NUM) values (11,'ALARM',null,1);
Insert into PMS_DBA.CARDLIST (CARDLIST_NUM,CARDLIST_NAME,CARDLIST_ORDER,BOARD_NUM) values (12,'CALENDAR',12,1);
Insert into PMS_DBA.CARDLIST (CARDLIST_NUM,CARDLIST_NAME,CARDLIST_ORDER,BOARD_NUM) values (25,'To-do',26,21);
Insert into PMS_DBA.CARDLIST (CARDLIST_NUM,CARDLIST_NAME,CARDLIST_ORDER,BOARD_NUM) values (27,'Doing',28,21);
Insert into PMS_DBA.CARDLIST (CARDLIST_NUM,CARDLIST_NAME,CARDLIST_ORDER,BOARD_NUM) values (29,'Done',30,21);
Insert into PMS_DBA.CARDLIST (CARDLIST_NUM,CARDLIST_NAME,CARDLIST_ORDER,BOARD_NUM) values (31,'Issue',32,21);
Insert into PMS_DBA.CARDLIST (CARDLIST_NUM,CARDLIST_NAME,CARDLIST_ORDER,BOARD_NUM) values (41,'Main View ',42,1);
REM INSERTING into PMS_DBA.CHECKLIST
SET DEFINE OFF;
Insert into PMS_DBA.CHECKLIST (CHECKLIST_NUM,CHECKLIST_CONTENT,CHECKLIST_CHECK,CHECKLIST_WRITER,CHECKLIST_REGDATE,CARD_NUM) values (1,'USER INSERT','0','DAEHOON',to_date('20/01/02','RR/MM/DD'),31);
Insert into PMS_DBA.CHECKLIST (CHECKLIST_NUM,CHECKLIST_CONTENT,CHECKLIST_CHECK,CHECKLIST_WRITER,CHECKLIST_REGDATE,CARD_NUM) values (2,'USER UPDATE','0','DAEHOON',to_date('20/01/02','RR/MM/DD'),31);
Insert into PMS_DBA.CHECKLIST (CHECKLIST_NUM,CHECKLIST_CONTENT,CHECKLIST_CHECK,CHECKLIST_WRITER,CHECKLIST_REGDATE,CARD_NUM) values (3,'USER DELETE','0','DAEHOON',to_date('20/01/02','RR/MM/DD'),31);
Insert into PMS_DBA.CHECKLIST (CHECKLIST_NUM,CHECKLIST_CONTENT,CHECKLIST_CHECK,CHECKLIST_WRITER,CHECKLIST_REGDATE,CARD_NUM) values (4,'B - SELECT USER-BOARD (유저보드에서 유저가 가지고 있는 보드를 조회할 수 있어야 한다 // 조인 필요)','0','DAEHOON',to_date('20/01/02','RR/MM/DD'),31);
Insert into PMS_DBA.CHECKLIST (CHECKLIST_NUM,CHECKLIST_CONTENT,CHECKLIST_CHECK,CHECKLIST_WRITER,CHECKLIST_REGDATE,CARD_NUM) values (5,'C - { 아이디 찾기, 비밀번호 찾기 }','0','DAEHOON',to_date('20/01/02','RR/MM/DD'),31);
Insert into PMS_DBA.CHECKLIST (CHECKLIST_NUM,CHECKLIST_CONTENT,CHECKLIST_CHECK,CHECKLIST_WRITER,CHECKLIST_REGDATE,CARD_NUM) values (6,'F - 회원가입 FORM 제작','0','DAEHOON',to_date('20/01/02','RR/MM/DD'),31);
Insert into PMS_DBA.CHECKLIST (CHECKLIST_NUM,CHECKLIST_CONTENT,CHECKLIST_CHECK,CHECKLIST_WRITER,CHECKLIST_REGDATE,CARD_NUM) values (21,'댓글 INSERT','1','DAEHOON',to_date('20/01/02','RR/MM/DD'),39);
Insert into PMS_DBA.CHECKLIST (CHECKLIST_NUM,CHECKLIST_CONTENT,CHECKLIST_CHECK,CHECKLIST_WRITER,CHECKLIST_REGDATE,CARD_NUM) values (23,'채팅기능 구현을 위한 socket.io 서버','1','HOHYUN',to_date('20/01/02','RR/MM/DD'),42);
Insert into PMS_DBA.CHECKLIST (CHECKLIST_NUM,CHECKLIST_CONTENT,CHECKLIST_CHECK,CHECKLIST_WRITER,CHECKLIST_REGDATE,CARD_NUM) values (41,'벤치마킹 카카오톡 채팅방','0','HOHYUN',to_date('20/01/02','RR/MM/DD'),43);
Insert into PMS_DBA.CHECKLIST (CHECKLIST_NUM,CHECKLIST_CONTENT,CHECKLIST_CHECK,CHECKLIST_WRITER,CHECKLIST_REGDATE,CARD_NUM) values (42,'상대방과 자기 자신의 구별 말풍선','0','HOHYUN',to_date('20/01/02','RR/MM/DD'),43);
Insert into PMS_DBA.CHECKLIST (CHECKLIST_NUM,CHECKLIST_CONTENT,CHECKLIST_CHECK,CHECKLIST_WRITER,CHECKLIST_REGDATE,CARD_NUM) values (43,'B - 카드리스트 INSERT','1','DAEHOON',to_date('20/01/02','RR/MM/DD'),37);
Insert into PMS_DBA.CHECKLIST (CHECKLIST_NUM,CHECKLIST_CONTENT,CHECKLIST_CHECK,CHECKLIST_WRITER,CHECKLIST_REGDATE,CARD_NUM) values (44,'   ㄴ B - 카드리스트는 현재 보드의 PK 를 참조','0','DAEHOON',to_date('20/01/02','RR/MM/DD'),37);
Insert into PMS_DBA.CHECKLIST (CHECKLIST_NUM,CHECKLIST_CONTENT,CHECKLIST_CHECK,CHECKLIST_WRITER,CHECKLIST_REGDATE,CARD_NUM) values (45,'B - 카드리스트 UPDATE ( ALMOST NAME )','0','DAEHOON',to_date('20/01/02','RR/MM/DD'),37);
Insert into PMS_DBA.CHECKLIST (CHECKLIST_NUM,CHECKLIST_CONTENT,CHECKLIST_CHECK,CHECKLIST_WRITER,CHECKLIST_REGDATE,CARD_NUM) values (46,'B - 카드리스트 DELETE','1','DAEHOON',to_date('20/01/02','RR/MM/DD'),37);
Insert into PMS_DBA.CHECKLIST (CHECKLIST_NUM,CHECKLIST_CONTENT,CHECKLIST_CHECK,CHECKLIST_WRITER,CHECKLIST_REGDATE,CARD_NUM) values (47,'B - 카드 INSERT','0','DAEHOON',to_date('20/01/02','RR/MM/DD'),37);
Insert into PMS_DBA.CHECKLIST (CHECKLIST_NUM,CHECKLIST_CONTENT,CHECKLIST_CHECK,CHECKLIST_WRITER,CHECKLIST_REGDATE,CARD_NUM) values (51,'B - 카드 DELETE','0','DAEHOON',to_date('20/01/02','RR/MM/DD'),37);
Insert into PMS_DBA.CHECKLIST (CHECKLIST_NUM,CHECKLIST_CONTENT,CHECKLIST_CHECK,CHECKLIST_WRITER,CHECKLIST_REGDATE,CARD_NUM) values (52,'B - 카드 댓글 페이징','0','DAEHOON',to_date('20/01/02','RR/MM/DD'),37);
Insert into PMS_DBA.CHECKLIST (CHECKLIST_NUM,CHECKLIST_CONTENT,CHECKLIST_CHECK,CHECKLIST_WRITER,CHECKLIST_REGDATE,CARD_NUM) values (102,'list fram 구조 깨짐 해결하기','1','DONGJAE',to_date('20/01/02','RR/MM/DD'),125);
Insert into PMS_DBA.CHECKLIST (CHECKLIST_NUM,CHECKLIST_CONTENT,CHECKLIST_CHECK,CHECKLIST_WRITER,CHECKLIST_REGDATE,CARD_NUM) values (104,'JS 함수 공부','1','HOHYUN',to_date('20/01/02','RR/MM/DD'),141);
Insert into PMS_DBA.CHECKLIST (CHECKLIST_NUM,CHECKLIST_CONTENT,CHECKLIST_CHECK,CHECKLIST_WRITER,CHECKLIST_REGDATE,CARD_NUM) values (105,'left menu 구상','0','DONGJAE',to_date('20/01/02','RR/MM/DD'),125);
Insert into PMS_DBA.CHECKLIST (CHECKLIST_NUM,CHECKLIST_CONTENT,CHECKLIST_CHECK,CHECKLIST_WRITER,CHECKLIST_REGDATE,CARD_NUM) values (110,'체크리스트 2','1','BEOMSEOK',to_date('20/01/02','RR/MM/DD'),143);
Insert into PMS_DBA.CHECKLIST (CHECKLIST_NUM,CHECKLIST_CONTENT,CHECKLIST_CHECK,CHECKLIST_WRITER,CHECKLIST_REGDATE,CARD_NUM) values (126,'체크리스트3','1','BEOMSEOK',to_date('20/01/02','RR/MM/DD'),152);
Insert into PMS_DBA.CHECKLIST (CHECKLIST_NUM,CHECKLIST_CONTENT,CHECKLIST_CHECK,CHECKLIST_WRITER,CHECKLIST_REGDATE,CARD_NUM) values (128,'체크리스트 2
','0','TEST',to_date('20/01/02','RR/MM/DD'),155);
Insert into PMS_DBA.CHECKLIST (CHECKLIST_NUM,CHECKLIST_CONTENT,CHECKLIST_CHECK,CHECKLIST_WRITER,CHECKLIST_REGDATE,CARD_NUM) values (129,'카드 넘버 업데이트','0','DAEHOON',to_date('20/01/02','RR/MM/DD'),37);
Insert into PMS_DBA.CHECKLIST (CHECKLIST_NUM,CHECKLIST_CONTENT,CHECKLIST_CHECK,CHECKLIST_WRITER,CHECKLIST_REGDATE,CARD_NUM) values (7,'F - PA님의 BOARD LIST PAGE를 기반으로 (사실상 같은 페이지) LIST FORM 제작','0','DAEHOON',to_date('20/01/02','RR/MM/DD'),32);
Insert into PMS_DBA.CHECKLIST (CHECKLIST_NUM,CHECKLIST_CONTENT,CHECKLIST_CHECK,CHECKLIST_WRITER,CHECKLIST_REGDATE,CARD_NUM) values (8,'F, C - 여러가지 메뉴와 BOARD LIST 를 볼 수 있어야 한다. (트렐로 BOARD LIST PAGE 참조)','0','DAEHOON',to_date('20/01/02','RR/MM/DD'),32);
Insert into PMS_DBA.CHECKLIST (CHECKLIST_NUM,CHECKLIST_CONTENT,CHECKLIST_CHECK,CHECKLIST_WRITER,CHECKLIST_REGDATE,CARD_NUM) values (22,'댓글 UPDATE','1','DAEHOON',to_date('20/01/02','RR/MM/DD'),39);
Insert into PMS_DBA.CHECKLIST (CHECKLIST_NUM,CHECKLIST_CONTENT,CHECKLIST_CHECK,CHECKLIST_WRITER,CHECKLIST_REGDATE,CARD_NUM) values (24,'Node.js 사용','0','HOHYUN',to_date('20/01/02','RR/MM/DD'),42);
Insert into PMS_DBA.CHECKLIST (CHECKLIST_NUM,CHECKLIST_CONTENT,CHECKLIST_CHECK,CHECKLIST_WRITER,CHECKLIST_REGDATE,CARD_NUM) values (49,'접속자가 몇명인지 이름은 누구인지 표현','0','HOHYUN',to_date('20/01/02','RR/MM/DD'),43);
Insert into PMS_DBA.CHECKLIST (CHECKLIST_NUM,CHECKLIST_CONTENT,CHECKLIST_CHECK,CHECKLIST_WRITER,CHECKLIST_REGDATE,CARD_NUM) values (50,'B - 카드 UPDATE','1','DAEHOON',to_date('20/01/02','RR/MM/DD'),37);
Insert into PMS_DBA.CHECKLIST (CHECKLIST_NUM,CHECKLIST_CONTENT,CHECKLIST_CHECK,CHECKLIST_WRITER,CHECKLIST_REGDATE,CARD_NUM) values (53,'B - DUE DATE 에 따라서 카드 겉표지에 조금씩 다르게보이도록 함','0','DAEHOON',to_date('20/01/02','RR/MM/DD'),37);
Insert into PMS_DBA.CHECKLIST (CHECKLIST_NUM,CHECKLIST_CONTENT,CHECKLIST_CHECK,CHECKLIST_WRITER,CHECKLIST_REGDATE,CARD_NUM) values (54,'이미지 파일이 업로드 되는가','0','HOHYUN',to_date('20/01/02','RR/MM/DD'),61);
Insert into PMS_DBA.CHECKLIST (CHECKLIST_NUM,CHECKLIST_CONTENT,CHECKLIST_CHECK,CHECKLIST_WRITER,CHECKLIST_REGDATE,CARD_NUM) values (61,'파일의 형식이 업로드 되는가','0','HOHYUN',to_date('20/01/02','RR/MM/DD'),61);
Insert into PMS_DBA.CHECKLIST (CHECKLIST_NUM,CHECKLIST_CONTENT,CHECKLIST_CHECK,CHECKLIST_WRITER,CHECKLIST_REGDATE,CARD_NUM) values (62,'업로드가 되고 파일함에 다운로드가 되어있는가','0','HOHYUN',to_date('20/01/02','RR/MM/DD'),61);
Insert into PMS_DBA.CHECKLIST (CHECKLIST_NUM,CHECKLIST_CONTENT,CHECKLIST_CHECK,CHECKLIST_WRITER,CHECKLIST_REGDATE,CARD_NUM) values (63,'마우스 클릭 좌우 스크롤이 되는가 ','0','HOHYUN',to_date('20/01/02','RR/MM/DD'),81);
Insert into PMS_DBA.CHECKLIST (CHECKLIST_NUM,CHECKLIST_CONTENT,CHECKLIST_CHECK,CHECKLIST_WRITER,CHECKLIST_REGDATE,CARD_NUM) values (64,'카드리스트 생성시 항상 옆으로 붙는가','0','HOHYUN',to_date('20/01/02','RR/MM/DD'),81);
Insert into PMS_DBA.CHECKLIST (CHECKLIST_NUM,CHECKLIST_CONTENT,CHECKLIST_CHECK,CHECKLIST_WRITER,CHECKLIST_REGDATE,CARD_NUM) values (101,'board list main fram 작성','1','DONGJAE',to_date('20/01/02','RR/MM/DD'),125);
Insert into PMS_DBA.CHECKLIST (CHECKLIST_NUM,CHECKLIST_CONTENT,CHECKLIST_CHECK,CHECKLIST_WRITER,CHECKLIST_REGDATE,CARD_NUM) values (103,'board list user window 만들기','0','DONGJAE',to_date('20/01/02','RR/MM/DD'),125);
Insert into PMS_DBA.CHECKLIST (CHECKLIST_NUM,CHECKLIST_CONTENT,CHECKLIST_CHECK,CHECKLIST_WRITER,CHECKLIST_REGDATE,CARD_NUM) values (106,'카드리스트 추가','0','BEOMSEOK',to_date('20/01/02','RR/MM/DD'),142);
Insert into PMS_DBA.CHECKLIST (CHECKLIST_NUM,CHECKLIST_CONTENT,CHECKLIST_CHECK,CHECKLIST_WRITER,CHECKLIST_REGDATE,CARD_NUM) values (107,'카드리스트 삭제','0','BEOMSEOK',to_date('20/01/02','RR/MM/DD'),142);
Insert into PMS_DBA.CHECKLIST (CHECKLIST_NUM,CHECKLIST_CONTENT,CHECKLIST_CHECK,CHECKLIST_WRITER,CHECKLIST_REGDATE,CARD_NUM) values (108,'카드리스트 수정 ','0','BEOMSEOK',to_date('20/01/02','RR/MM/DD'),142);
Insert into PMS_DBA.CHECKLIST (CHECKLIST_NUM,CHECKLIST_CONTENT,CHECKLIST_CHECK,CHECKLIST_WRITER,CHECKLIST_REGDATE,CARD_NUM) values (109,'체크리스트 1','1','BEOMSEOK',to_date('20/01/02','RR/MM/DD'),143);
Insert into PMS_DBA.CHECKLIST (CHECKLIST_NUM,CHECKLIST_CONTENT,CHECKLIST_CHECK,CHECKLIST_WRITER,CHECKLIST_REGDATE,CARD_NUM) values (121,'체크리스트 1','1','BEOMSEOK',to_date('20/01/02','RR/MM/DD'),148);
Insert into PMS_DBA.CHECKLIST (CHECKLIST_NUM,CHECKLIST_CONTENT,CHECKLIST_CHECK,CHECKLIST_WRITER,CHECKLIST_REGDATE,CARD_NUM) values (122,'체크리스트 2','1','BEOMSEOK',to_date('20/01/02','RR/MM/DD'),148);
Insert into PMS_DBA.CHECKLIST (CHECKLIST_NUM,CHECKLIST_CONTENT,CHECKLIST_CHECK,CHECKLIST_WRITER,CHECKLIST_REGDATE,CARD_NUM) values (123,'체크리스트 3','1','BEOMSEOK',to_date('20/01/02','RR/MM/DD'),148);
Insert into PMS_DBA.CHECKLIST (CHECKLIST_NUM,CHECKLIST_CONTENT,CHECKLIST_CHECK,CHECKLIST_WRITER,CHECKLIST_REGDATE,CARD_NUM) values (124,'체크리스트 1','1','BEOMSEOK',to_date('20/01/02','RR/MM/DD'),152);
Insert into PMS_DBA.CHECKLIST (CHECKLIST_NUM,CHECKLIST_CONTENT,CHECKLIST_CHECK,CHECKLIST_WRITER,CHECKLIST_REGDATE,CARD_NUM) values (125,'체크리스트2','1','BEOMSEOK',to_date('20/01/02','RR/MM/DD'),152);
Insert into PMS_DBA.CHECKLIST (CHECKLIST_NUM,CHECKLIST_CONTENT,CHECKLIST_CHECK,CHECKLIST_WRITER,CHECKLIST_REGDATE,CARD_NUM) values (127,'체크리스트','1','TEST',to_date('20/01/02','RR/MM/DD'),155);
REM INSERTING into PMS_DBA.FILES
SET DEFINE OFF;
REM INSERTING into PMS_DBA.LABEL
SET DEFINE OFF;
Insert into PMS_DBA.LABEL (LABEL_NUM,CARD_NUM,BOARD_NUM,LABEL_NAME,LABEL_COLOR) values (1,37,1,null,'#28a745');
Insert into PMS_DBA.LABEL (LABEL_NUM,CARD_NUM,BOARD_NUM,LABEL_NAME,LABEL_COLOR) values (25,157,2,null,'#28a745');
Insert into PMS_DBA.LABEL (LABEL_NUM,CARD_NUM,BOARD_NUM,LABEL_NAME,LABEL_COLOR) values (26,157,2,null,'#219724');
Insert into PMS_DBA.LABEL (LABEL_NUM,CARD_NUM,BOARD_NUM,LABEL_NAME,LABEL_COLOR) values (2,37,1,null,'#219724');
Insert into PMS_DBA.LABEL (LABEL_NUM,CARD_NUM,BOARD_NUM,LABEL_NAME,LABEL_COLOR) values (3,37,1,null,'#0069d9');
Insert into PMS_DBA.LABEL (LABEL_NUM,CARD_NUM,BOARD_NUM,LABEL_NAME,LABEL_COLOR) values (27,157,2,null,'#0069d9');
REM INSERTING into PMS_DBA.LABEL_COLOR
SET DEFINE OFF;
REM INSERTING into PMS_DBA.REPLY
SET DEFINE OFF;
Insert into PMS_DBA.REPLY (REPLY_NUM,REPLY_UNAME,REPLY_CONTENT,REPLY_REGDATE,CARD_NUM,USER_NUM,REPLY_UPDATE) values (21,'DONGJAE','완벽하게 작동하는것 같습니다.',to_date('20/01/02','RR/MM/DD'),125,7,null);
Insert into PMS_DBA.REPLY (REPLY_NUM,REPLY_UNAME,REPLY_CONTENT,REPLY_REGDATE,CARD_NUM,USER_NUM,REPLY_UPDATE) values (1,'HOHYUN','댓글이 참 잘되네요~',to_date('20/01/02','RR/MM/DD'),39,2,null);
Insert into PMS_DBA.REPLY (REPLY_NUM,REPLY_UNAME,REPLY_CONTENT,REPLY_REGDATE,CARD_NUM,USER_NUM,REPLY_UPDATE) values (63,'HOHYUN','몽고디비 어렵습니다.',to_date('20/01/02','RR/MM/DD'),105,2,null);
Insert into PMS_DBA.REPLY (REPLY_NUM,REPLY_UNAME,REPLY_CONTENT,REPLY_REGDATE,CARD_NUM,USER_NUM,REPLY_UPDATE) values (64,'HOHYUN','하하하하',to_date('20/01/02','RR/MM/DD'),105,2,null);
Insert into PMS_DBA.REPLY (REPLY_NUM,REPLY_UNAME,REPLY_CONTENT,REPLY_REGDATE,CARD_NUM,USER_NUM,REPLY_UPDATE) values (62,'TEST','댓글입니다',to_date('20/01/02','RR/MM/DD'),155,8,null);
REM INSERTING into PMS_DBA.TAGMEMBER
SET DEFINE OFF;
REM INSERTING into PMS_DBA.USERAUTH
SET DEFINE OFF;
Insert into PMS_DBA.USERAUTH (USERS_AUTH_NUM,USER_ID,USER_EMAIL,AUTH,AUTH_STATE) values (1,'soyeon','lsyfq7@gmail.com','xNTteujhSO6Ksa8RpjWcKWvUlSfRuXdKkr82YTRsGI35eC2LU4',0);
Insert into PMS_DBA.USERAUTH (USERS_AUTH_NUM,USER_ID,USER_EMAIL,AUTH,AUTH_STATE) values (2,'soyeon','lsyfq7@gmail.com','cswmCXbBxri5YZXP1pIAkx5KUCdmxqHivRbdseiriBSiWlE5i2',0);
Insert into PMS_DBA.USERAUTH (USERS_AUTH_NUM,USER_ID,USER_EMAIL,AUTH,AUTH_STATE) values (21,'test','lsg6306@naver.com','Sik3fY7AiuUrHPfO23coa8KDFSgjtwBENeFQpqQcuKSCcYAbGs',0);
Insert into PMS_DBA.USERAUTH (USERS_AUTH_NUM,USER_ID,USER_EMAIL,AUTH,AUTH_STATE) values (22,'soyeon','lsyfq7@gmail.com','7kU5CFz9AOf7gkgwtnO5UkKWy5L6VlYCw4Vhx8Kf6rm6Me0tEk',0);
Insert into PMS_DBA.USERAUTH (USERS_AUTH_NUM,USER_ID,USER_EMAIL,AUTH,AUTH_STATE) values (23,'dongjae','qizzi@daum.net','AUTfiwy9GAdmYXESIAt97oAKPV4nEeUQidWXdhOGBhQEwCWbsk',0);
Insert into PMS_DBA.USERAUTH (USERS_AUTH_NUM,USER_ID,USER_EMAIL,AUTH,AUTH_STATE) values (24,'beomseok','nbs0105@naver.com','levi3etmJxiAgWMDvUBuqwsMUilPqgDSgu13M3YJkgnLdipsNV',0);
Insert into PMS_DBA.USERAUTH (USERS_AUTH_NUM,USER_ID,USER_EMAIL,AUTH,AUTH_STATE) values (61,'soyeon','lsyfq7@gmail.com','FRCWxNkaV65hg8PYOb0S8q6qtS8vjAizjRvUquBcrjCvxCvIqK',0);
Insert into PMS_DBA.USERAUTH (USERS_AUTH_NUM,USER_ID,USER_EMAIL,AUTH,AUTH_STATE) values (41,'joohee','hijoohee123@naver.com','Qsd9fPJxqPznMKf7FXdDDE5smw3Sedz5K9z4fC1YoYu3ebWHhx',0);
REM INSERTING into PMS_DBA.USERS
SET DEFINE OFF;
Insert into PMS_DBA.USERS (USER_NUM,USER_ID,USER_PW,USER_NAME,USER_HP,USER_EMAIL,USER_MESSAGE_STATUS,USER_REGDATE) values (1,'daen','1234','DAEHOON',null,'jeondaen@naver.com',null,to_date('20/01/02','RR/MM/DD'));
Insert into PMS_DBA.USERS (USER_NUM,USER_ID,USER_PW,USER_NAME,USER_HP,USER_EMAIL,USER_MESSAGE_STATUS,USER_REGDATE) values (2,'hohyun','1234','HOHYUN',null,null,null,to_date('20/01/02','RR/MM/DD'));
Insert into PMS_DBA.USERS (USER_NUM,USER_ID,USER_PW,USER_NAME,USER_HP,USER_EMAIL,USER_MESSAGE_STATUS,USER_REGDATE) values (3,'soyeon','1234','SOYEON',null,'lsyfq7@gmail.com',null,to_date('20/01/02','RR/MM/DD'));
Insert into PMS_DBA.USERS (USER_NUM,USER_ID,USER_PW,USER_NAME,USER_HP,USER_EMAIL,USER_MESSAGE_STATUS,USER_REGDATE) values (4,'joohee','1234','JOOHEE',null,'hijoohee123@naver.com',null,to_date('20/01/02','RR/MM/DD'));
Insert into PMS_DBA.USERS (USER_NUM,USER_ID,USER_PW,USER_NAME,USER_HP,USER_EMAIL,USER_MESSAGE_STATUS,USER_REGDATE) values (5,'beomseok','1234','BEOMSEOK',null,'nbs0105@naver.com',null,to_date('20/01/02','RR/MM/DD'));
Insert into PMS_DBA.USERS (USER_NUM,USER_ID,USER_PW,USER_NAME,USER_HP,USER_EMAIL,USER_MESSAGE_STATUS,USER_REGDATE) values (6,'sujae','1234','SUJAE',null,null,null,to_date('20/01/02','RR/MM/DD'));
Insert into PMS_DBA.USERS (USER_NUM,USER_ID,USER_PW,USER_NAME,USER_HP,USER_EMAIL,USER_MESSAGE_STATUS,USER_REGDATE) values (7,'dongjae','1234','DONGJAE',null,'qizzi@daum.net',null,to_date('20/01/02','RR/MM/DD'));
Insert into PMS_DBA.USERS (USER_NUM,USER_ID,USER_PW,USER_NAME,USER_HP,USER_EMAIL,USER_MESSAGE_STATUS,USER_REGDATE) values (8,'test','1234','TEST',null,'lsg6306@naver.com',null,to_date('20/01/02','RR/MM/DD'));
REM INSERTING into PMS_DBA.USER_BOARD
SET DEFINE OFF;
Insert into PMS_DBA.USER_BOARD (USER_BOARD_NUM,USER_NUM,BOARD_NUM,USER_BOARD_REGDATE) values (21,1,41,to_date('20/01/02','RR/MM/DD'));
Insert into PMS_DBA.USER_BOARD (USER_BOARD_NUM,USER_NUM,BOARD_NUM,USER_BOARD_REGDATE) values (22,1,42,to_date('20/01/02','RR/MM/DD'));
Insert into PMS_DBA.USER_BOARD (USER_BOARD_NUM,USER_NUM,BOARD_NUM,USER_BOARD_REGDATE) values (41,3,61,to_date('20/01/02','RR/MM/DD'));
Insert into PMS_DBA.USER_BOARD (USER_BOARD_NUM,USER_NUM,BOARD_NUM,USER_BOARD_REGDATE) values (61,3,81,to_date('20/01/02','RR/MM/DD'));
Insert into PMS_DBA.USER_BOARD (USER_BOARD_NUM,USER_NUM,BOARD_NUM,USER_BOARD_REGDATE) values (81,3,1,to_date('20/01/02','RR/MM/DD'));
Insert into PMS_DBA.USER_BOARD (USER_BOARD_NUM,USER_NUM,BOARD_NUM,USER_BOARD_REGDATE) values (82,8,1,to_date('20/01/02','RR/MM/DD'));
Insert into PMS_DBA.USER_BOARD (USER_BOARD_NUM,USER_NUM,BOARD_NUM,USER_BOARD_REGDATE) values (83,2,101,to_date('20/01/02','RR/MM/DD'));
Insert into PMS_DBA.USER_BOARD (USER_BOARD_NUM,USER_NUM,BOARD_NUM,USER_BOARD_REGDATE) values (84,3,101,to_date('20/01/02','RR/MM/DD'));
Insert into PMS_DBA.USER_BOARD (USER_BOARD_NUM,USER_NUM,BOARD_NUM,USER_BOARD_REGDATE) values (85,7,101,to_date('20/01/02','RR/MM/DD'));
Insert into PMS_DBA.USER_BOARD (USER_BOARD_NUM,USER_NUM,BOARD_NUM,USER_BOARD_REGDATE) values (86,5,101,to_date('20/01/02','RR/MM/DD'));
Insert into PMS_DBA.USER_BOARD (USER_BOARD_NUM,USER_NUM,BOARD_NUM,USER_BOARD_REGDATE) values (103,1,122,to_date('20/01/02','RR/MM/DD'));
Insert into PMS_DBA.USER_BOARD (USER_BOARD_NUM,USER_NUM,BOARD_NUM,USER_BOARD_REGDATE) values (104,1,123,to_date('20/01/02','RR/MM/DD'));
Insert into PMS_DBA.USER_BOARD (USER_BOARD_NUM,USER_NUM,BOARD_NUM,USER_BOARD_REGDATE) values (112,1,131,to_date('20/01/02','RR/MM/DD'));
Insert into PMS_DBA.USER_BOARD (USER_BOARD_NUM,USER_NUM,BOARD_NUM,USER_BOARD_REGDATE) values (108,5,127,to_date('20/01/02','RR/MM/DD'));
Insert into PMS_DBA.USER_BOARD (USER_BOARD_NUM,USER_NUM,BOARD_NUM,USER_BOARD_REGDATE) values (119,2,138,to_date('20/01/02','RR/MM/DD'));
Insert into PMS_DBA.USER_BOARD (USER_BOARD_NUM,USER_NUM,BOARD_NUM,USER_BOARD_REGDATE) values (113,1,132,to_date('20/01/02','RR/MM/DD'));
Insert into PMS_DBA.USER_BOARD (USER_BOARD_NUM,USER_NUM,BOARD_NUM,USER_BOARD_REGDATE) values (123,3,101,to_date('20/01/02','RR/MM/DD'));
Insert into PMS_DBA.USER_BOARD (USER_BOARD_NUM,USER_NUM,BOARD_NUM,USER_BOARD_REGDATE) values (124,3,101,to_date('20/01/02','RR/MM/DD'));
Insert into PMS_DBA.USER_BOARD (USER_BOARD_NUM,USER_NUM,BOARD_NUM,USER_BOARD_REGDATE) values (62,3,81,to_date('20/01/02','RR/MM/DD'));
Insert into PMS_DBA.USER_BOARD (USER_BOARD_NUM,USER_NUM,BOARD_NUM,USER_BOARD_REGDATE) values (2,1,1,to_date('20/01/02','RR/MM/DD'));
Insert into PMS_DBA.USER_BOARD (USER_BOARD_NUM,USER_NUM,BOARD_NUM,USER_BOARD_REGDATE) values (3,1,2,to_date('20/01/02','RR/MM/DD'));
Insert into PMS_DBA.USER_BOARD (USER_BOARD_NUM,USER_NUM,BOARD_NUM,USER_BOARD_REGDATE) values (5,2,1,to_date('20/01/02','RR/MM/DD'));
Insert into PMS_DBA.USER_BOARD (USER_BOARD_NUM,USER_NUM,BOARD_NUM,USER_BOARD_REGDATE) values (4,2,21,to_date('20/01/02','RR/MM/DD'));
Insert into PMS_DBA.USER_BOARD (USER_BOARD_NUM,USER_NUM,BOARD_NUM,USER_BOARD_REGDATE) values (116,5,135,to_date('20/01/02','RR/MM/DD'));
Insert into PMS_DBA.USER_BOARD (USER_BOARD_NUM,USER_NUM,BOARD_NUM,USER_BOARD_REGDATE) values (23,1,43,to_date('20/01/02','RR/MM/DD'));
Insert into PMS_DBA.USER_BOARD (USER_BOARD_NUM,USER_NUM,BOARD_NUM,USER_BOARD_REGDATE) values (101,4,101,to_date('20/01/02','RR/MM/DD'));
Insert into PMS_DBA.USER_BOARD (USER_BOARD_NUM,USER_NUM,BOARD_NUM,USER_BOARD_REGDATE) values (105,2,124,to_date('20/01/02','RR/MM/DD'));
Insert into PMS_DBA.USER_BOARD (USER_BOARD_NUM,USER_NUM,BOARD_NUM,USER_BOARD_REGDATE) values (120,2,139,to_date('20/01/02','RR/MM/DD'));
Insert into PMS_DBA.USER_BOARD (USER_BOARD_NUM,USER_NUM,BOARD_NUM,USER_BOARD_REGDATE) values (121,2,140,to_date('20/01/02','RR/MM/DD'));
Insert into PMS_DBA.USER_BOARD (USER_BOARD_NUM,USER_NUM,BOARD_NUM,USER_BOARD_REGDATE) values (102,5,121,to_date('20/01/02','RR/MM/DD'));
Insert into PMS_DBA.USER_BOARD (USER_BOARD_NUM,USER_NUM,BOARD_NUM,USER_BOARD_REGDATE) values (109,5,128,to_date('20/01/02','RR/MM/DD'));
Insert into PMS_DBA.USER_BOARD (USER_BOARD_NUM,USER_NUM,BOARD_NUM,USER_BOARD_REGDATE) values (111,5,130,to_date('20/01/02','RR/MM/DD'));
Insert into PMS_DBA.USER_BOARD (USER_BOARD_NUM,USER_NUM,BOARD_NUM,USER_BOARD_REGDATE) values (114,5,133,to_date('20/01/02','RR/MM/DD'));
Insert into PMS_DBA.USER_BOARD (USER_BOARD_NUM,USER_NUM,BOARD_NUM,USER_BOARD_REGDATE) values (115,5,134,to_date('20/01/02','RR/MM/DD'));
Insert into PMS_DBA.USER_BOARD (USER_BOARD_NUM,USER_NUM,BOARD_NUM,USER_BOARD_REGDATE) values (117,5,136,to_date('20/01/02','RR/MM/DD'));
Insert into PMS_DBA.USER_BOARD (USER_BOARD_NUM,USER_NUM,BOARD_NUM,USER_BOARD_REGDATE) values (118,5,137,to_date('20/01/02','RR/MM/DD'));
Insert into PMS_DBA.USER_BOARD (USER_BOARD_NUM,USER_NUM,BOARD_NUM,USER_BOARD_REGDATE) values (122,5,141,to_date('20/01/02','RR/MM/DD'));
Insert into PMS_DBA.USER_BOARD (USER_BOARD_NUM,USER_NUM,BOARD_NUM,USER_BOARD_REGDATE) values (141,8,161,to_date('20/01/03','RR/MM/DD'));
--------------------------------------------------------
--  DDL for Index REPLY_NUM_PK
--------------------------------------------------------

  CREATE UNIQUE INDEX "PMS_DBA"."REPLY_NUM_PK" ON "PMS_DBA"."REPLY" ("REPLY_NUM") 
  PCTFREE 10 INITRANS 2 MAXTRANS 255 COMPUTE STATISTICS 
  STORAGE(INITIAL 65536 NEXT 1048576 MINEXTENTS 1 MAXEXTENTS 2147483645
  PCTINCREASE 0 FREELISTS 1 FREELIST GROUPS 1
  BUFFER_POOL DEFAULT FLASH_CACHE DEFAULT CELL_FLASH_CACHE DEFAULT)
  TABLESPACE "USERS" ;
--------------------------------------------------------
--  DDL for Index USER_BOARD_NUM_PK
--------------------------------------------------------

  CREATE UNIQUE INDEX "PMS_DBA"."USER_BOARD_NUM_PK" ON "PMS_DBA"."USER_BOARD" ("USER_BOARD_NUM") 
  PCTFREE 10 INITRANS 2 MAXTRANS 255 COMPUTE STATISTICS 
  STORAGE(INITIAL 65536 NEXT 1048576 MINEXTENTS 1 MAXEXTENTS 2147483645
  PCTINCREASE 0 FREELISTS 1 FREELIST GROUPS 1
  BUFFER_POOL DEFAULT FLASH_CACHE DEFAULT CELL_FLASH_CACHE DEFAULT)
  TABLESPACE "USERS" ;
--------------------------------------------------------
--  DDL for Index CHECKLIST_PK
--------------------------------------------------------

  CREATE UNIQUE INDEX "PMS_DBA"."CHECKLIST_PK" ON "PMS_DBA"."CHECKLIST" ("CHECKLIST_NUM") 
  PCTFREE 10 INITRANS 2 MAXTRANS 255 COMPUTE STATISTICS 
  STORAGE(INITIAL 65536 NEXT 1048576 MINEXTENTS 1 MAXEXTENTS 2147483645
  PCTINCREASE 0 FREELISTS 1 FREELIST GROUPS 1
  BUFFER_POOL DEFAULT FLASH_CACHE DEFAULT CELL_FLASH_CACHE DEFAULT)
  TABLESPACE "USERS" ;
--------------------------------------------------------
--  DDL for Index CARDLIST_NUM_PK
--------------------------------------------------------

  CREATE UNIQUE INDEX "PMS_DBA"."CARDLIST_NUM_PK" ON "PMS_DBA"."CARDLIST" ("CARDLIST_NUM") 
  PCTFREE 10 INITRANS 2 MAXTRANS 255 COMPUTE STATISTICS 
  STORAGE(INITIAL 65536 NEXT 1048576 MINEXTENTS 1 MAXEXTENTS 2147483645
  PCTINCREASE 0 FREELISTS 1 FREELIST GROUPS 1
  BUFFER_POOL DEFAULT FLASH_CACHE DEFAULT CELL_FLASH_CACHE DEFAULT)
  TABLESPACE "USERS" ;
--------------------------------------------------------
--  DDL for Index TAGMEMBER_NUM_PK
--------------------------------------------------------

  CREATE UNIQUE INDEX "PMS_DBA"."TAGMEMBER_NUM_PK" ON "PMS_DBA"."TAGMEMBER" ("TAGMEMBER_NUM") 
  PCTFREE 10 INITRANS 2 MAXTRANS 255 COMPUTE STATISTICS 
  STORAGE(INITIAL 65536 NEXT 1048576 MINEXTENTS 1 MAXEXTENTS 2147483645
  PCTINCREASE 0 FREELISTS 1 FREELIST GROUPS 1
  BUFFER_POOL DEFAULT FLASH_CACHE DEFAULT CELL_FLASH_CACHE DEFAULT)
  TABLESPACE "USERS" ;
--------------------------------------------------------
--  DDL for Index BOARD_NUM_PK
--------------------------------------------------------

  CREATE UNIQUE INDEX "PMS_DBA"."BOARD_NUM_PK" ON "PMS_DBA"."BOARD" ("BOARD_NUM") 
  PCTFREE 10 INITRANS 2 MAXTRANS 255 COMPUTE STATISTICS 
  STORAGE(INITIAL 65536 NEXT 1048576 MINEXTENTS 1 MAXEXTENTS 2147483645
  PCTINCREASE 0 FREELISTS 1 FREELIST GROUPS 1
  BUFFER_POOL DEFAULT FLASH_CACHE DEFAULT CELL_FLASH_CACHE DEFAULT)
  TABLESPACE "USERS" ;
--------------------------------------------------------
--  DDL for Index SYS_C004024
--------------------------------------------------------

  CREATE UNIQUE INDEX "PMS_DBA"."SYS_C004024" ON "PMS_DBA"."USERAUTH" ("USERS_AUTH_NUM") 
  PCTFREE 10 INITRANS 2 MAXTRANS 255 COMPUTE STATISTICS 
  STORAGE(INITIAL 65536 NEXT 1048576 MINEXTENTS 1 MAXEXTENTS 2147483645
  PCTINCREASE 0 FREELISTS 1 FREELIST GROUPS 1
  BUFFER_POOL DEFAULT FLASH_CACHE DEFAULT CELL_FLASH_CACHE DEFAULT)
  TABLESPACE "USERS" ;
--------------------------------------------------------
--  DDL for Index USER_NUM_PK
--------------------------------------------------------

  CREATE UNIQUE INDEX "PMS_DBA"."USER_NUM_PK" ON "PMS_DBA"."USERS" ("USER_NUM") 
  PCTFREE 10 INITRANS 2 MAXTRANS 255 COMPUTE STATISTICS 
  STORAGE(INITIAL 65536 NEXT 1048576 MINEXTENTS 1 MAXEXTENTS 2147483645
  PCTINCREASE 0 FREELISTS 1 FREELIST GROUPS 1
  BUFFER_POOL DEFAULT FLASH_CACHE DEFAULT CELL_FLASH_CACHE DEFAULT)
  TABLESPACE "USERS" ;
--------------------------------------------------------
--  DDL for Index LABEL_NUM_PK
--------------------------------------------------------

  CREATE UNIQUE INDEX "PMS_DBA"."LABEL_NUM_PK" ON "PMS_DBA"."LABEL" ("LABEL_NUM") 
  PCTFREE 10 INITRANS 2 MAXTRANS 255 COMPUTE STATISTICS 
  STORAGE(INITIAL 65536 NEXT 1048576 MINEXTENTS 1 MAXEXTENTS 2147483645
  PCTINCREASE 0 FREELISTS 1 FREELIST GROUPS 1
  BUFFER_POOL DEFAULT FLASH_CACHE DEFAULT CELL_FLASH_CACHE DEFAULT)
  TABLESPACE "USERS" ;
--------------------------------------------------------
--  DDL for Index PK_FILES
--------------------------------------------------------

  CREATE UNIQUE INDEX "PMS_DBA"."PK_FILES" ON "PMS_DBA"."FILES" ("FILE_NUM") 
  PCTFREE 10 INITRANS 2 MAXTRANS 255 COMPUTE STATISTICS 
  STORAGE(INITIAL 65536 NEXT 1048576 MINEXTENTS 1 MAXEXTENTS 2147483645
  PCTINCREASE 0 FREELISTS 1 FREELIST GROUPS 1
  BUFFER_POOL DEFAULT FLASH_CACHE DEFAULT CELL_FLASH_CACHE DEFAULT)
  TABLESPACE "USERS" ;
--------------------------------------------------------
--  DDL for Index SYS_C0011051
--------------------------------------------------------

  CREATE UNIQUE INDEX "PMS_DBA"."SYS_C0011051" ON "PMS_DBA"."USERS" ("USER_ID") 
  PCTFREE 10 INITRANS 2 MAXTRANS 255 COMPUTE STATISTICS 
  STORAGE(INITIAL 65536 NEXT 1048576 MINEXTENTS 1 MAXEXTENTS 2147483645
  PCTINCREASE 0 FREELISTS 1 FREELIST GROUPS 1
  BUFFER_POOL DEFAULT FLASH_CACHE DEFAULT CELL_FLASH_CACHE DEFAULT)
  TABLESPACE "USERS" ;
--------------------------------------------------------
--  DDL for Index CARD_NUM_PK
--------------------------------------------------------

  CREATE UNIQUE INDEX "PMS_DBA"."CARD_NUM_PK" ON "PMS_DBA"."CARD" ("CARD_NUM") 
  PCTFREE 10 INITRANS 2 MAXTRANS 255 COMPUTE STATISTICS 
  STORAGE(INITIAL 65536 NEXT 1048576 MINEXTENTS 1 MAXEXTENTS 2147483645
  PCTINCREASE 0 FREELISTS 1 FREELIST GROUPS 1
  BUFFER_POOL DEFAULT FLASH_CACHE DEFAULT CELL_FLASH_CACHE DEFAULT)
  TABLESPACE "USERS" ;
--------------------------------------------------------
--  DDL for Index LABEL_COLOR_PK
--------------------------------------------------------

  CREATE UNIQUE INDEX "PMS_DBA"."LABEL_COLOR_PK" ON "PMS_DBA"."LABEL_COLOR" ("LABEL_COLOR") 
  PCTFREE 10 INITRANS 2 MAXTRANS 255 COMPUTE STATISTICS 
  STORAGE(INITIAL 65536 NEXT 1048576 MINEXTENTS 1 MAXEXTENTS 2147483645
  PCTINCREASE 0 FREELISTS 1 FREELIST GROUPS 1
  BUFFER_POOL DEFAULT FLASH_CACHE DEFAULT CELL_FLASH_CACHE DEFAULT)
  TABLESPACE "USERS" ;
--------------------------------------------------------
--  DDL for Index ALRM_NUM_PK
--------------------------------------------------------

  CREATE UNIQUE INDEX "PMS_DBA"."ALRM_NUM_PK" ON "PMS_DBA"."ALARM" ("ALRM_NUM") 
  PCTFREE 10 INITRANS 2 MAXTRANS 255 COMPUTE STATISTICS 
  STORAGE(INITIAL 65536 NEXT 1048576 MINEXTENTS 1 MAXEXTENTS 2147483645
  PCTINCREASE 0 FREELISTS 1 FREELIST GROUPS 1
  BUFFER_POOL DEFAULT FLASH_CACHE DEFAULT CELL_FLASH_CACHE DEFAULT)
  TABLESPACE "USERS" ;
--------------------------------------------------------
--  Constraints for Table USER_BOARD
--------------------------------------------------------

  ALTER TABLE "PMS_DBA"."USER_BOARD" ADD CONSTRAINT "USER_BOARD_NUM_PK" PRIMARY KEY ("USER_BOARD_NUM")
  USING INDEX PCTFREE 10 INITRANS 2 MAXTRANS 255 COMPUTE STATISTICS 
  STORAGE(INITIAL 65536 NEXT 1048576 MINEXTENTS 1 MAXEXTENTS 2147483645
  PCTINCREASE 0 FREELISTS 1 FREELIST GROUPS 1
  BUFFER_POOL DEFAULT FLASH_CACHE DEFAULT CELL_FLASH_CACHE DEFAULT)
  TABLESPACE "USERS"  ENABLE;
--------------------------------------------------------
--  Constraints for Table USERS
--------------------------------------------------------

  ALTER TABLE "PMS_DBA"."USERS" MODIFY ("USER_ID" NOT NULL ENABLE);
  ALTER TABLE "PMS_DBA"."USERS" MODIFY ("USER_PW" NOT NULL ENABLE);
  ALTER TABLE "PMS_DBA"."USERS" MODIFY ("USER_NAME" NOT NULL ENABLE);
  ALTER TABLE "PMS_DBA"."USERS" ADD UNIQUE ("USER_ID")
  USING INDEX PCTFREE 10 INITRANS 2 MAXTRANS 255 COMPUTE STATISTICS 
  STORAGE(INITIAL 65536 NEXT 1048576 MINEXTENTS 1 MAXEXTENTS 2147483645
  PCTINCREASE 0 FREELISTS 1 FREELIST GROUPS 1
  BUFFER_POOL DEFAULT FLASH_CACHE DEFAULT CELL_FLASH_CACHE DEFAULT)
  TABLESPACE "USERS"  ENABLE;
  ALTER TABLE "PMS_DBA"."USERS" ADD CONSTRAINT "USER_NUM_PK" PRIMARY KEY ("USER_NUM")
  USING INDEX PCTFREE 10 INITRANS 2 MAXTRANS 255 COMPUTE STATISTICS 
  STORAGE(INITIAL 65536 NEXT 1048576 MINEXTENTS 1 MAXEXTENTS 2147483645
  PCTINCREASE 0 FREELISTS 1 FREELIST GROUPS 1
  BUFFER_POOL DEFAULT FLASH_CACHE DEFAULT CELL_FLASH_CACHE DEFAULT)
  TABLESPACE "USERS"  ENABLE;
--------------------------------------------------------
--  Constraints for Table CHECKLIST
--------------------------------------------------------

  ALTER TABLE "PMS_DBA"."CHECKLIST" MODIFY ("CHECKLIST_CONTENT" NOT NULL ENABLE);
  ALTER TABLE "PMS_DBA"."CHECKLIST" MODIFY ("CHECKLIST_WRITER" NOT NULL ENABLE);
  ALTER TABLE "PMS_DBA"."CHECKLIST" ADD CONSTRAINT "CHECKLIST_CHECK_CHECK" CHECK (checklist_check in('1', '0')) ENABLE;
  ALTER TABLE "PMS_DBA"."CHECKLIST" ADD CONSTRAINT "CHECKLIST_PK" PRIMARY KEY ("CHECKLIST_NUM")
  USING INDEX PCTFREE 10 INITRANS 2 MAXTRANS 255 COMPUTE STATISTICS 
  STORAGE(INITIAL 65536 NEXT 1048576 MINEXTENTS 1 MAXEXTENTS 2147483645
  PCTINCREASE 0 FREELISTS 1 FREELIST GROUPS 1
  BUFFER_POOL DEFAULT FLASH_CACHE DEFAULT CELL_FLASH_CACHE DEFAULT)
  TABLESPACE "USERS"  ENABLE;
--------------------------------------------------------
--  Constraints for Table LABEL_COLOR
--------------------------------------------------------

  ALTER TABLE "PMS_DBA"."LABEL_COLOR" MODIFY ("LABEL_COLOR" NOT NULL ENABLE);
  ALTER TABLE "PMS_DBA"."LABEL_COLOR" ADD CONSTRAINT "LABEL_COLOR_PK" PRIMARY KEY ("LABEL_COLOR")
  USING INDEX PCTFREE 10 INITRANS 2 MAXTRANS 255 COMPUTE STATISTICS 
  STORAGE(INITIAL 65536 NEXT 1048576 MINEXTENTS 1 MAXEXTENTS 2147483645
  PCTINCREASE 0 FREELISTS 1 FREELIST GROUPS 1
  BUFFER_POOL DEFAULT FLASH_CACHE DEFAULT CELL_FLASH_CACHE DEFAULT)
  TABLESPACE "USERS"  ENABLE;
--------------------------------------------------------
--  Constraints for Table CARD
--------------------------------------------------------

  ALTER TABLE "PMS_DBA"."CARD" ADD CONSTRAINT "CARD_CALENDAR_CHECK_CARD" CHECK ("CARD_CALENDAR"=1 OR "CARD_CALENDAR"=0) ENABLE;
  ALTER TABLE "PMS_DBA"."CARD" ADD CONSTRAINT "CARD_CLEAR_CHECK_CARD" CHECK (card_clear IN(1, 0)) ENABLE;
  ALTER TABLE "PMS_DBA"."CARD" ADD CONSTRAINT "CARD_NUM_PK" PRIMARY KEY ("CARD_NUM")
  USING INDEX PCTFREE 10 INITRANS 2 MAXTRANS 255 COMPUTE STATISTICS 
  STORAGE(INITIAL 65536 NEXT 1048576 MINEXTENTS 1 MAXEXTENTS 2147483645
  PCTINCREASE 0 FREELISTS 1 FREELIST GROUPS 1
  BUFFER_POOL DEFAULT FLASH_CACHE DEFAULT CELL_FLASH_CACHE DEFAULT)
  TABLESPACE "USERS"  ENABLE;
--------------------------------------------------------
--  Constraints for Table USERAUTH
--------------------------------------------------------

  ALTER TABLE "PMS_DBA"."USERAUTH" ADD PRIMARY KEY ("USERS_AUTH_NUM")
  USING INDEX PCTFREE 10 INITRANS 2 MAXTRANS 255 COMPUTE STATISTICS 
  STORAGE(INITIAL 65536 NEXT 1048576 MINEXTENTS 1 MAXEXTENTS 2147483645
  PCTINCREASE 0 FREELISTS 1 FREELIST GROUPS 1
  BUFFER_POOL DEFAULT FLASH_CACHE DEFAULT CELL_FLASH_CACHE DEFAULT)
  TABLESPACE "USERS"  ENABLE;
--------------------------------------------------------
--  Constraints for Table FILES
--------------------------------------------------------

  ALTER TABLE "PMS_DBA"."FILES" ADD CONSTRAINT "PK_FILES" PRIMARY KEY ("FILE_NUM")
  USING INDEX PCTFREE 10 INITRANS 2 MAXTRANS 255 COMPUTE STATISTICS 
  STORAGE(INITIAL 65536 NEXT 1048576 MINEXTENTS 1 MAXEXTENTS 2147483645
  PCTINCREASE 0 FREELISTS 1 FREELIST GROUPS 1
  BUFFER_POOL DEFAULT FLASH_CACHE DEFAULT CELL_FLASH_CACHE DEFAULT)
  TABLESPACE "USERS"  ENABLE;
--------------------------------------------------------
--  Constraints for Table CARDLIST
--------------------------------------------------------

  ALTER TABLE "PMS_DBA"."CARDLIST" ADD CONSTRAINT "CARDLIST_NUM_PK" PRIMARY KEY ("CARDLIST_NUM")
  USING INDEX PCTFREE 10 INITRANS 2 MAXTRANS 255 COMPUTE STATISTICS 
  STORAGE(INITIAL 65536 NEXT 1048576 MINEXTENTS 1 MAXEXTENTS 2147483645
  PCTINCREASE 0 FREELISTS 1 FREELIST GROUPS 1
  BUFFER_POOL DEFAULT FLASH_CACHE DEFAULT CELL_FLASH_CACHE DEFAULT)
  TABLESPACE "USERS"  ENABLE;
--------------------------------------------------------
--  Constraints for Table LABEL
--------------------------------------------------------

  ALTER TABLE "PMS_DBA"."LABEL" MODIFY ("LABEL_NUM" NOT NULL ENABLE);
  ALTER TABLE "PMS_DBA"."LABEL" MODIFY ("CARD_NUM" NOT NULL ENABLE);
  ALTER TABLE "PMS_DBA"."LABEL" MODIFY ("BOARD_NUM" NOT NULL ENABLE);
  ALTER TABLE "PMS_DBA"."LABEL" ADD CONSTRAINT "LABEL_NUM_PK" PRIMARY KEY ("LABEL_NUM")
  USING INDEX PCTFREE 10 INITRANS 2 MAXTRANS 255 COMPUTE STATISTICS 
  STORAGE(INITIAL 65536 NEXT 1048576 MINEXTENTS 1 MAXEXTENTS 2147483645
  PCTINCREASE 0 FREELISTS 1 FREELIST GROUPS 1
  BUFFER_POOL DEFAULT FLASH_CACHE DEFAULT CELL_FLASH_CACHE DEFAULT)
  TABLESPACE "USERS"  ENABLE;
--------------------------------------------------------
--  Constraints for Table TAGMEMBER
--------------------------------------------------------

  ALTER TABLE "PMS_DBA"."TAGMEMBER" ADD CONSTRAINT "TAGMEMBER_NUM_PK" PRIMARY KEY ("TAGMEMBER_NUM")
  USING INDEX PCTFREE 10 INITRANS 2 MAXTRANS 255 COMPUTE STATISTICS 
  STORAGE(INITIAL 65536 NEXT 1048576 MINEXTENTS 1 MAXEXTENTS 2147483645
  PCTINCREASE 0 FREELISTS 1 FREELIST GROUPS 1
  BUFFER_POOL DEFAULT FLASH_CACHE DEFAULT CELL_FLASH_CACHE DEFAULT)
  TABLESPACE "USERS"  ENABLE;
--------------------------------------------------------
--  Constraints for Table BOARD
--------------------------------------------------------

  ALTER TABLE "PMS_DBA"."BOARD" ADD CONSTRAINT "BOARD_NUM_PK" PRIMARY KEY ("BOARD_NUM")
  USING INDEX PCTFREE 10 INITRANS 2 MAXTRANS 255 COMPUTE STATISTICS 
  STORAGE(INITIAL 65536 NEXT 1048576 MINEXTENTS 1 MAXEXTENTS 2147483645
  PCTINCREASE 0 FREELISTS 1 FREELIST GROUPS 1
  BUFFER_POOL DEFAULT FLASH_CACHE DEFAULT CELL_FLASH_CACHE DEFAULT)
  TABLESPACE "USERS"  ENABLE;
  ALTER TABLE "PMS_DBA"."BOARD" ADD CONSTRAINT "BOARD_PUB_CHECK" CHECK (board_public in(1, 0)) ENABLE;
  ALTER TABLE "PMS_DBA"."BOARD" MODIFY ("BOARD_NAME" NOT NULL ENABLE);
--------------------------------------------------------
--  Constraints for Table REPLY
--------------------------------------------------------

  ALTER TABLE "PMS_DBA"."REPLY" ADD CONSTRAINT "REPLY_NUM_PK" PRIMARY KEY ("REPLY_NUM")
  USING INDEX PCTFREE 10 INITRANS 2 MAXTRANS 255 COMPUTE STATISTICS 
  STORAGE(INITIAL 65536 NEXT 1048576 MINEXTENTS 1 MAXEXTENTS 2147483645
  PCTINCREASE 0 FREELISTS 1 FREELIST GROUPS 1
  BUFFER_POOL DEFAULT FLASH_CACHE DEFAULT CELL_FLASH_CACHE DEFAULT)
  TABLESPACE "USERS"  ENABLE;
--------------------------------------------------------
--  Constraints for Table ALARM
--------------------------------------------------------

  ALTER TABLE "PMS_DBA"."ALARM" ADD CONSTRAINT "ALRM_NUM_PK" PRIMARY KEY ("ALRM_NUM")
  USING INDEX PCTFREE 10 INITRANS 2 MAXTRANS 255 COMPUTE STATISTICS 
  STORAGE(INITIAL 65536 NEXT 1048576 MINEXTENTS 1 MAXEXTENTS 2147483645
  PCTINCREASE 0 FREELISTS 1 FREELIST GROUPS 1
  BUFFER_POOL DEFAULT FLASH_CACHE DEFAULT CELL_FLASH_CACHE DEFAULT)
  TABLESPACE "USERS"  ENABLE;
--------------------------------------------------------
--  Ref Constraints for Table ALARM
--------------------------------------------------------

  ALTER TABLE "PMS_DBA"."ALARM" ADD CONSTRAINT "BOARD_NUM_FK_ALRM" FOREIGN KEY ("BOARD_NUM")
	  REFERENCES "PMS_DBA"."BOARD" ("BOARD_NUM") ENABLE;
  ALTER TABLE "PMS_DBA"."ALARM" ADD CONSTRAINT "USER_NUM_FK_ALRM" FOREIGN KEY ("USER_NUM")
	  REFERENCES "PMS_DBA"."USERS" ("USER_NUM") ON DELETE CASCADE ENABLE;
--------------------------------------------------------
--  Ref Constraints for Table CARD
--------------------------------------------------------

  ALTER TABLE "PMS_DBA"."CARD" ADD CONSTRAINT "BOARD_NUM_FK_CARD" FOREIGN KEY ("BOARD_NUM")
	  REFERENCES "PMS_DBA"."BOARD" ("BOARD_NUM") ON DELETE CASCADE ENABLE;
  ALTER TABLE "PMS_DBA"."CARD" ADD CONSTRAINT "CARDLIST_NUM_FK_CARD" FOREIGN KEY ("CARDLIST_NUM")
	  REFERENCES "PMS_DBA"."CARDLIST" ("CARDLIST_NUM") ON DELETE CASCADE ENABLE;
  ALTER TABLE "PMS_DBA"."CARD" ADD CONSTRAINT "USER_NUM_FK_CARD" FOREIGN KEY ("USER_NUM")
	  REFERENCES "PMS_DBA"."USERS" ("USER_NUM") ON DELETE SET NULL ENABLE;
--------------------------------------------------------
--  Ref Constraints for Table CARDLIST
--------------------------------------------------------

  ALTER TABLE "PMS_DBA"."CARDLIST" ADD CONSTRAINT "BOARD_NUM_FK_CARDLIST" FOREIGN KEY ("BOARD_NUM")
	  REFERENCES "PMS_DBA"."BOARD" ("BOARD_NUM") ON DELETE CASCADE ENABLE;
--------------------------------------------------------
--  Ref Constraints for Table CHECKLIST
--------------------------------------------------------

  ALTER TABLE "PMS_DBA"."CHECKLIST" ADD CONSTRAINT "CHECKLIST_FK_CARD" FOREIGN KEY ("CARD_NUM")
	  REFERENCES "PMS_DBA"."CARD" ("CARD_NUM") ENABLE;
--------------------------------------------------------
--  Ref Constraints for Table FILES
--------------------------------------------------------

  ALTER TABLE "PMS_DBA"."FILES" ADD CONSTRAINT "FK_CARD_NUM" FOREIGN KEY ("CARD_NUM")
	  REFERENCES "PMS_DBA"."CARD" ("CARD_NUM") ENABLE;
--------------------------------------------------------
--  Ref Constraints for Table LABEL
--------------------------------------------------------

  ALTER TABLE "PMS_DBA"."LABEL" ADD CONSTRAINT "BOARD_NUM_FK_LABEL" FOREIGN KEY ("BOARD_NUM")
	  REFERENCES "PMS_DBA"."BOARD" ("BOARD_NUM") ENABLE;
  ALTER TABLE "PMS_DBA"."LABEL" ADD CONSTRAINT "CARD_NUM_FK_LABEL" FOREIGN KEY ("CARD_NUM")
	  REFERENCES "PMS_DBA"."CARD" ("CARD_NUM") ENABLE;
--------------------------------------------------------
--  Ref Constraints for Table REPLY
--------------------------------------------------------

  ALTER TABLE "PMS_DBA"."REPLY" ADD CONSTRAINT "CARD_NUM_FK_REPLY" FOREIGN KEY ("CARD_NUM")
	  REFERENCES "PMS_DBA"."CARD" ("CARD_NUM") ON DELETE CASCADE ENABLE;
  ALTER TABLE "PMS_DBA"."REPLY" ADD CONSTRAINT "USER_NUM_FK_REPLY" FOREIGN KEY ("USER_NUM")
	  REFERENCES "PMS_DBA"."USERS" ("USER_NUM") ON DELETE SET NULL ENABLE;
--------------------------------------------------------
--  Ref Constraints for Table TAGMEMBER
--------------------------------------------------------

  ALTER TABLE "PMS_DBA"."TAGMEMBER" ADD CONSTRAINT "CARD_NUM_FK_TAGMEMBER" FOREIGN KEY ("CARD_NUM")
	  REFERENCES "PMS_DBA"."CARD" ("CARD_NUM") ON DELETE CASCADE ENABLE;
  ALTER TABLE "PMS_DBA"."TAGMEMBER" ADD CONSTRAINT "USER_NUM_FK_TAGMEMBER" FOREIGN KEY ("USER_NUM")
	  REFERENCES "PMS_DBA"."USERS" ("USER_NUM") ON DELETE CASCADE ENABLE;
--------------------------------------------------------
--  Ref Constraints for Table USERAUTH
--------------------------------------------------------

  ALTER TABLE "PMS_DBA"."USERAUTH" ADD CONSTRAINT "AUTH_FK" FOREIGN KEY ("USER_ID")
	  REFERENCES "PMS_DBA"."USERS" ("USER_ID") ENABLE;
--------------------------------------------------------
--  Ref Constraints for Table USER_BOARD
--------------------------------------------------------

  ALTER TABLE "PMS_DBA"."USER_BOARD" ADD CONSTRAINT "BOARD_NUM_FK" FOREIGN KEY ("BOARD_NUM")
	  REFERENCES "PMS_DBA"."BOARD" ("BOARD_NUM") ON DELETE CASCADE ENABLE;
  ALTER TABLE "PMS_DBA"."USER_BOARD" ADD CONSTRAINT "USER_NUM_FK" FOREIGN KEY ("USER_NUM")
	  REFERENCES "PMS_DBA"."USERS" ("USER_NUM") ON DELETE CASCADE ENABLE;
